make,model,price
29285.58823529412,154572.4170940171,14530.0
29285.58823529412,154572.4170940171,37140.0
29285.58823529412,154572.4170940171,37140.0
29285.58823529412,154572.4170940171,52030.0
29285.58823529412,154572.4170940171,42310.0
29285.58823529412,154572.4170940171,41950.0
29285.58823529412,154572.4170940171,40080.0
29285.58823529412,154572.4170940171,19350.0
29285.58823529412,154572.4170940171,16510.0
29285.58823529412,154572.4170940171,17880.0
29285.58823529412,154572.4170940171,16400.0
29285.58823529412,154572.4170940171,24770.0
29285.58823529412,154572.4170940171,22970.0
29285.58823529412,154572.4170940171,15030.0
29285.58823529412,154572.4170940171,14010.0
29285.58823529412,154572.4170940171,28520.0
29285.58823529412,154572.4170940171,26450.0
29285.58823529412,154572.4170940171,17500.0
29285.58823529412,154572.4170940171,16260.0
29285.58823529412,154572.4170940171,26640.0
29285.58823529412,154572.4170940171,28230.0
29285.58823529412,154572.4170940171,27470.0
29285.58823529412,154572.4170940171,29610.0
29285.58823529412,154572.4170940171,43290.0
29285.58823529412,154572.4170940171,41100.0
29285.58823529412,154572.4170940171,42310.0
29285.58823529412,154572.4170940171,35260.0
29285.58823529412,154572.4170940171,32610.0
29285.58823529412,154572.4170940171,33950.0
29285.58823529412,154572.4170940171,42890.0
29285.58823529412,154572.4170940171,24650.0
29285.58823529412,154572.4170940171,33870.0
29285.58823529412,154572.4170940171,28000.0
29285.58823529412,154572.4170940171,25000.0
136842.60869565216,154572.4170940171,45550.0
136842.60869565216,154572.4170940171,70930.0
136842.60869565216,154572.4170940171,62600.0
136842.60869565216,154572.4170940171,106700.0
136842.60869565216,154572.4170940171,60490.0
136842.60869565216,154572.4170940171,350000.0
136842.60869565216,154572.4170940171,63500.0
136842.60869565216,154572.4170940171,63000.0
136842.60869565216,154572.4170940171,69420.0
136842.60869565216,154572.4170940171,64550.0
136842.60869565216,154572.4170940171,179890.0
136842.60869565216,154572.4170940171,171330.0
136842.60869565216,154572.4170940171,156890.0
136842.60869565216,154572.4170940171,161100.0
136842.60869565216,154572.4170940171,78600.0
136842.60869565216,154572.4170940171,51400.0
136842.60869565216,154572.4170940171,750000.0
136842.60869565216,154572.4170940171,56400.0
136842.60869565216,154572.4170940171,57450.0
136842.60869565216,154572.4170940171,308090.0
136842.60869565216,154572.4170940171,105990.0
136842.60869565216,154572.4170940171,57100.0
136842.60869565216,154572.4170940171,56400.0
54275.57692307692,154572.4170940171,126290.0
54275.57692307692,154572.4170940171,64000.0
54275.57692307692,154572.4170940171,58500.0
54275.57692307692,154572.4170940171,126000.0
54275.57692307692,154572.4170940171,94000.0
54275.57692307692,154572.4170940171,44510.0
54275.57692307692,154572.4170940171,41435.0
54275.57692307692,154572.4170940171,47800.0
54275.57692307692,154572.4170940171,49000.0
54275.57692307692,154572.4170940171,46920.0
54275.57692307692,154572.4170940171,45920.0
54275.57692307692,154572.4170940171,41650.0
54275.57692307692,154572.4170940171,47050.0
54275.57692307692,154572.4170940171,35920.0
54275.57692307692,154572.4170940171,42200.0
54275.57692307692,154572.4170940171,38630.0
54275.57692307692,154572.4170940171,37230.0
54275.57692307692,154572.4170940171,37230.0
54275.57692307692,154572.4170940171,36170.0
54275.57692307692,154572.4170940171,57575.0
54275.57692307692,154572.4170940171,61600.0
54275.57692307692,154572.4170940171,58400.0
54275.57692307692,154572.4170940171,49000.0
54275.57692307692,154572.4170940171,45760.0
54275.57692307692,154572.4170940171,34770.0
54275.57692307692,154572.4170940171,43605.0
30005.434782608696,154572.4170940171,64960.0
30005.434782608696,154572.4170940171,56610.0
30005.434782608696,154572.4170940171,49000.0
30005.434782608696,154572.4170940171,45500.0
30005.434782608696,154572.4170940171,41600.0
30005.434782608696,154572.4170940171,7300.0
30005.434782608696,154572.4170940171,7300.0
30005.434782608696,154572.4170940171,20000.0
30005.434782608696,154572.4170940171,19730.0
30005.434782608696,154572.4170940171,17870.0
30005.434782608696,154572.4170940171,15530.0
30005.434782608696,154572.4170940171,56100.0
30005.434782608696,154572.4170940171,52600.0
30005.434782608696,154572.4170940171,51200.0
30005.434782608696,154572.4170940171,47700.0
30005.434782608696,154572.4170940171,49000.0
30005.434782608696,154572.4170940171,45500.0
30005.434782608696,154572.4170940171,41600.0
30005.434782608696,154572.4170940171,16980.0
30005.434782608696,154572.4170940171,17270.0
30005.434782608696,154572.4170940171,37120.0
30005.434782608696,154572.4170940171,34120.0
30005.434782608696,154572.4170940171,16450.0
30005.434782608696,154572.4170940171,13860.0
30005.434782608696,154572.4170940171,13630.0
30005.434782608696,154572.4170940171,16610.0
30005.434782608696,154572.4170940171,12160.0
30005.434782608696,154572.4170940171,11700.0
30005.434782608696,154572.4170940171,15460.0
30005.434782608696,154572.4170940171,15280.0
30005.434782608696,154572.4170940171,15190.0
30005.434782608696,154572.4170940171,8150.0
30005.434782608696,154572.4170940171,9240.0
30005.434782608696,154572.4170940171,12230.0
30005.434782608696,154572.4170940171,15190.0
30005.434782608696,154572.4170940171,32900.0
30005.434782608696,154572.4170940171,32920.0
30005.434782608696,154572.4170940171,30600.0
30005.434782608696,154572.4170940171,23640.0
30005.434782608696,154572.4170940171,29350.0
30005.434782608696,154572.4170940171,37150.0
30005.434782608696,48700.0,48700.0
30005.434782608696,48700.0,48700.0
30005.434782608696,154572.4170940171,27700.0
30005.434782608696,154572.4170940171,52600.0
30005.434782608696,154572.4170940171,46250.0
49957.375,154572.4170940171,68200.0
49957.375,154572.4170940171,13080.0
49957.375,154572.4170940171,48800.0
49957.375,154572.4170940171,46700.0
49957.375,154572.4170940171,24500.0
49957.375,154572.4170940171,27500.0
49957.375,154572.4170940171,29150.0
49957.375,154572.4170940171,24450.0
49957.375,154572.4170940171,55750.0
49957.375,154572.4170940171,23510.0
49957.375,154572.4170940171,23450.0
49957.375,154572.4170940171,36310.0
49957.375,154572.4170940171,35530.0
49957.375,154572.4170940171,32490.0
49957.375,154572.4170940171,32420.0
49957.375,154572.4170940171,34460.0
49957.375,154572.4170940171,30010.0
49957.375,154572.4170940171,29950.0
49957.375,154572.4170940171,23540.0
49957.375,154572.4170940171,23470.0
49957.375,154572.4170940171,22590.0
49957.375,154572.4170940171,22540.0
49957.375,154572.4170940171,17000.0
49957.375,154572.4170940171,536530.0
49957.375,154572.4170940171,26700.0
49957.375,154572.4170940171,35600.0
49957.375,154572.4170940171,35600.0
49957.375,154572.4170940171,32350.0
49957.375,154572.4170940171,42340.0
49957.375,154572.4170940171,67700.0
49957.375,154572.4170940171,170000.0
49957.375,154572.4170940171,30720.0
49957.375,154572.4170940171,52620.0
49957.375,154572.4170940171,51220.0
49957.375,154572.4170940171,48020.0
49957.375,154572.4170940171,29160.0
49957.375,154572.4170940171,44450.0
49957.375,154572.4170940171,16000.0
49957.375,154572.4170940171,18000.0
49957.375,154572.4170940171,35885.0
36406.607142857145,154572.4170940171,63000.0
36406.607142857145,154572.4170940171,42700.0
36406.607142857145,154572.4170940171,19690.0
36406.607142857145,154572.4170940171,21690.0
36406.607142857145,154572.4170940171,19990.0
36406.607142857145,154572.4170940171,26400.0
36406.607142857145,154572.4170940171,28190.0
36406.607142857145,154572.4170940171,52780.0
36406.607142857145,154572.4170940171,51785.0
36406.607142857145,154572.4170940171,49885.0
36406.607142857145,154572.4170940171,48885.0
36406.607142857145,154572.4170940171,34790.0
36406.607142857145,154572.4170940171,32490.0
36406.607142857145,154572.4170940171,31390.0
36406.607142857145,154572.4170940171,39590.0
36406.607142857145,154572.4170940171,37690.0
36406.607142857145,154572.4170940171,38890.0
36406.607142857145,154572.4170940171,31790.0
36406.607142857145,154572.4170940171,44450.0
36406.607142857145,154572.4170940171,52700.0
36406.607142857145,154572.4170940171,52400.0
36406.607142857145,154572.4170940171,48500.0
36406.607142857145,154572.4170940171,14000.0
36406.607142857145,154572.4170940171,18380.0
36406.607142857145,154572.4170940171,49890.0
36406.607142857145,154572.4170940171,17490.0
36406.607142857145,154572.4170940171,15050.0
36406.607142857145,154572.4170940171,34900.0
49457.954545454544,154572.4170940171,31500.0
49457.954545454544,154572.4170940171,63530.0
49457.954545454544,154572.4170940171,43190.0
49457.954545454544,154572.4170940171,43190.0
49457.954545454544,154572.4170940171,51190.0
49457.954545454544,154572.4170940171,54690.0
49457.954545454544,154572.4170940171,60190.0
49457.954545454544,154572.4170940171,54190.0
49457.954545454544,154572.4170940171,47190.0
49457.954545454544,154572.4170940171,55870.0
49457.954545454544,154572.4170940171,53690.0
49457.954545454544,154572.4170940171,50190.0
49457.954545454544,154572.4170940171,47190.0
49457.954545454544,154572.4170940171,43190.0
49457.954545454544,154572.4170940171,33490.0
49457.954545454544,154572.4170940171,28990.0
49457.954545454544,154572.4170940171,27490.0
49457.954545454544,154572.4170940171,26090.0
49457.954545454544,154572.4170940171,38640.0
49457.954545454544,154572.4170940171,43020.0
49457.954545454544,154572.4170940171,45210.0
49457.954545454544,154572.4170940171,35360.0
49457.954545454544,154572.4170940171,38900.0
49457.954545454544,154572.4170940171,38900.0
49457.954545454544,154572.4170940171,42860.0
49457.954545454544,154572.4170940171,22700.0
49457.954545454544,154572.4170940171,57760.0
49457.954545454544,154572.4170940171,31990.0
49457.954545454544,154572.4170940171,35210.0
49457.954545454544,154572.4170940171,57800.0
49457.954545454544,154572.4170940171,49990.0
49457.954545454544,154572.4170940171,52900.0
49457.954545454544,154572.4170940171,27590.0
49457.954545454544,154572.4170940171,49870.0
49457.954545454544,154572.4170940171,18250.0
49457.954545454544,154572.4170940171,39990.0
49457.954545454544,154572.4170940171,39990.0
49457.954545454544,154572.4170940171,56900.0
49457.954545454544,154572.4170940171,229000.0
49457.954545454544,154572.4170940171,113540.0
49457.954545454544,154572.4170940171,113540.0
49457.954545454544,154572.4170940171,25600.0
49457.954545454544,154572.4170940171,37890.0
49457.954545454544,154572.4170940171,17700.0
85834.81481481482,154572.4170940171,37400.0
85834.81481481482,154572.4170940171,44200.0
85834.81481481482,154572.4170940171,44200.0
85834.81481481482,154572.4170940171,90200.0
85834.81481481482,154572.4170940171,37400.0
85834.81481481482,154572.4170940171,87320.0
85834.81481481482,154572.4170940171,97000.0
85834.81481481482,154572.4170940171,75000.0
85834.81481481482,154572.4170940171,69000.0
85834.81481481482,154572.4170940171,77800.0
85834.81481481482,154572.4170940171,100800.0
85834.81481481482,154572.4170940171,179900.0
85834.81481481482,154572.4170940171,62020.0
85834.81481481482,154572.4170940171,43500.0
85834.81481481482,154572.4170940171,222000.0
85834.81481481482,154572.4170940171,45900.0
85834.81481481482,154572.4170940171,55600.0
85834.81481481482,154572.4170940171,58200.0
85834.81481481482,154572.4170940171,55200.0
85834.81481481482,154572.4170940171,90800.0
85834.81481481482,154572.4170940171,73700.0
85834.81481481482,154572.4170940171,90800.0
85834.81481481482,154572.4170940171,120900.0
85834.81481481482,154572.4170940171,118900.0
85834.81481481482,154572.4170940171,58900.0
85834.81481481482,154572.4170940171,225000.0
85834.81481481482,154572.4170940171,55900.0
49844.75,154572.4170940171,42400.0
49844.75,154572.4170940171,45900.0
49844.75,154572.4170940171,50900.0
49844.75,154572.4170940171,90800.0
49844.75,154572.4170940171,32500.0
49844.75,154572.4170940171,105000.0
49844.75,154572.4170940171,37500.0
49844.75,154572.4170940171,40000.0
49844.75,154572.4170940171,43900.0
49844.75,154572.4170940171,114500.0
49844.75,154572.4170940171,105300.0
49844.75,154572.4170940171,44900.0
49844.75,154572.4170940171,39900.0
49844.75,154572.4170940171,36400.0
49844.75,154572.4170940171,32900.0
49844.75,154572.4170940171,28900.0
49844.75,154572.4170940171,26900.0
49844.75,154572.4170940171,36100.0
49844.75,154572.4170940171,25000.0
49844.75,154572.4170940171,17195.0
80101.3953488372,154572.4170940171,1100000.0
80101.3953488372,154572.4170940171,138500.0
80101.3953488372,154572.4170940171,39990.0
80101.3953488372,154572.4170940171,81000.0
80101.3953488372,154572.4170940171,49000.0
80101.3953488372,154572.4170940171,46000.0
80101.3953488372,154572.4170940171,56000.0
80101.3953488372,154572.4170940171,65400.0
80101.3953488372,154572.4170940171,65970.0
80101.3953488372,154572.4170940171,51000.0
80101.3953488372,154572.4170940171,50130.0
80101.3953488372,154572.4170940171,29210.0
80101.3953488372,154572.4170940171,38290.0
80101.3953488372,154572.4170940171,35500.0
80101.3953488372,154572.4170940171,43360.0
80101.3953488372,154572.4170940171,38340.0
80101.3953488372,154572.4170940171,32790.0
80101.3953488372,154572.4170940171,63570.0
80101.3953488372,154572.4170940171,54970.0
80101.3953488372,154572.4170940171,97810.0
80101.3953488372,154572.4170940171,89455.0
80101.3953488372,154572.4170940171,85585.0
80101.3953488372,154572.4170940171,73910.0
80101.3953488372,154572.4170940171,62645.0
80101.3953488372,154572.4170940171,56625.0
80101.3953488372,154572.4170940171,76865.0
80101.3953488372,154572.4170940171,53790.0
80101.3953488372,154572.4170940171,50100.0
80101.3953488372,154572.4170940171,27770.0
80101.3953488372,154572.4170940171,75975.0
80101.3953488372,154572.4170940171,61410.0
80101.3953488372,154572.4170940171,54060.0
80101.3953488372,154572.4170940171,54155.0
80101.3953488372,154572.4170940171,60200.0
80101.3953488372,154572.4170940171,38500.0
80101.3953488372,154572.4170940171,44655.0
80101.3953488372,154572.4170940171,37340.0
80101.3953488372,154572.4170940171,35615.0
80101.3953488372,154572.4170940171,32650.0
80101.3953488372,154572.4170940171,30930.0
80101.3953488372,154572.4170940171,29215.0
80101.3953488372,154572.4170940171,69185.0
80101.3953488372,154572.4170940171,66895.0
107143.70370370371,154572.4170940171,249600.0
107143.70370370371,154572.4170940171,57400.0
107143.70370370371,154572.4170940171,102310.0
107143.70370370371,154572.4170940171,60280.0
107143.70370370371,154572.4170940171,72720.0
107143.70370370371,154572.4170940171,73680.0
107143.70370370371,154572.4170940171,76560.0
107143.70370370371,154572.4170940171,77520.0
107143.70370370371,154572.4170940171,110000.0
107143.70370370371,154572.4170940171,110000.0
107143.70370370371,154572.4170940171,114470.0
107143.70370370371,154572.4170940171,113050.0
107143.70370370371,154572.4170940171,87550.0
107143.70370370371,154572.4170940171,50000.0
107143.70370370371,154572.4170940171,37500.0
107143.70370370371,154572.4170940171,39800.0
107143.70370370371,154572.4170940171,209600.0
107143.70370370371,154572.4170940171,55300.0
107143.70370370371,154572.4170940171,243720.0
107143.70370370371,154572.4170940171,85600.0
107143.70370370371,154572.4170940171,81850.0
107143.70370370371,154572.4170940171,57250.0
107143.70370370371,154572.4170940171,49550.0
107143.70370370371,154572.4170940171,106700.0
107143.70370370371,154572.4170940171,170000.0
107143.70370370371,154572.4170940171,106800.0
107143.70370370371,154572.4170940171,294070.0
129861.21212121213,154572.4170940171,92400.0
129861.21212121213,154572.4170940171,222000.0
129861.21212121213,154572.4170940171,232000.0
129861.21212121213,154572.4170940171,200000.0
129861.21212121213,154572.4170940171,113000.0
129861.21212121213,154572.4170940171,103200.0
129861.21212121213,154572.4170940171,186400.0
129861.21212121213,154572.4170940171,97700.0
129861.21212121213,154572.4170940171,95500.0
129861.21212121213,154572.4170940171,97300.0
129861.21212121213,154572.4170940171,95200.0
129861.21212121213,154572.4170940171,95100.0
129861.21212121213,154572.4170940171,84800.0
129861.21212121213,154572.4170940171,82900.0
129861.21212121213,154572.4170940171,130500.0
129861.21212121213,154572.4170940171,118800.0
129861.21212121213,154572.4170940171,109300.0
129861.21212121213,154572.4170940171,105100.0
129861.21212121213,154572.4170940171,195700.0
129861.21212121213,154572.4170940171,186200.0
129861.21212121213,154572.4170940171,184920.0
129861.21212121213,154572.4170940171,162700.0
129861.21212121213,154572.4170940171,75400.0
129861.21212121213,154572.4170940171,90300.0
129861.21212121213,154572.4170940171,72500.0
129861.21212121213,154572.4170940171,109000.0
129861.21212121213,154572.4170940171,136000.0
129861.21212121213,154572.4170940171,169700.0
129861.21212121213,154572.4170940171,170000.0
129861.21212121213,154572.4170940171,57500.0
129861.21212121213,154572.4170940171,97000.0
129861.21212121213,154572.4170940171,88400.0
129861.21212121213,154572.4170940171,228900.0
55759.45945945946,154572.4170940171,40300.0
55759.45945945946,154572.4170940171,87450.0
55759.45945945946,154572.4170940171,80400.0
55759.45945945946,154572.4170940171,75800.0
55759.45945945946,154572.4170940171,49200.0
55759.45945945946,154572.4170940171,58500.0
55759.45945945946,154572.4170940171,44650.0
55759.45945945946,154572.4170940171,48500.0
55759.45945945946,48350.0,48350.0
55759.45945945946,154572.4170940171,72700.0
55759.45945945946,154572.4170940171,58600.0
55759.45945945946,154572.4170940171,58050.0
55759.45945945946,154572.4170940171,61200.0
55759.45945945946,154572.4170940171,49150.0
55759.45945945946,154572.4170940171,50350.0
55759.45945945946,154572.4170940171,63600.0
55759.45945945946,154572.4170940171,54500.0
55759.45945945946,154572.4170940171,57950.0
55759.45945945946,154572.4170940171,52800.0
55759.45945945946,154572.4170940171,42300.0
55759.45945945946,154572.4170940171,45750.0
55759.45945945946,154572.4170940171,48800.0
55759.45945945946,154572.4170940171,43600.0
55759.45945945946,154572.4170940171,45350.0
55759.45945945946,154572.4170940171,40300.0
55759.45945945946,154572.4170940171,59200.0
55759.45945945946,154572.4170940171,84350.0
55759.45945945946,154572.4170940171,75900.0
55759.45945945946,154572.4170940171,72700.0
55759.45945945946,154572.4170940171,52300.0
55759.45945945946,154572.4170940171,57800.0
55759.45945945946,154572.4170940171,43250.0
55759.45945945946,154572.4170940171,42750.0
55759.45945945946,154572.4170940171,42650.0
55759.45945945946,154572.4170940171,49200.0
55759.45945945946,154572.4170940171,56500.0
55759.45945945946,48350.0,48350.0
74105.3125,154572.4170940171,71300.0
74105.3125,154572.4170940171,69900.0
74105.3125,154572.4170940171,79090.0
74105.3125,154572.4170940171,110000.0
74105.3125,154572.4170940171,73400.0
74105.3125,154572.4170940171,52400.0
74105.3125,154572.4170940171,48000.0
74105.3125,154572.4170940171,86000.0
74105.3125,154572.4170940171,76700.0
74105.3125,154572.4170940171,75000.0
74105.3125,154572.4170940171,71300.0
74105.3125,154572.4170940171,47000.0
74105.3125,154572.4170940171,71300.0
74105.3125,154572.4170940171,87230.0
74105.3125,154572.4170940171,73050.0
74105.3125,154572.4170940171,87200.0
74105.3125,154572.4170940171,76700.0
74105.3125,154572.4170940171,83900.0
74105.3125,154572.4170940171,71000.0
74105.3125,154572.4170940171,85000.0
74105.3125,154572.4170940171,81900.0
74105.3125,154572.4170940171,63900.0
74105.3125,154572.4170940171,89500.0
74105.3125,154572.4170940171,56000.0
74105.3125,154572.4170940171,76700.0
74105.3125,154572.4170940171,89500.0
74105.3125,154572.4170940171,111200.0
74105.3125,154572.4170940171,64800.0
74105.3125,154572.4170940171,60600.0
74105.3125,154572.4170940171,73400.0
74105.3125,154572.4170940171,56000.0
74105.3125,154572.4170940171,52400.0
68873.70370370371,154572.4170940171,60990.0
68873.70370370371,154572.4170940171,57190.0
68873.70370370371,154572.4170940171,39590.0
68873.70370370371,154572.4170940171,50995.0
68873.70370370371,154572.4170940171,44190.0
68873.70370370371,154572.4170940171,36295.0
68873.70370370371,154572.4170940171,82295.0
68873.70370370371,154572.4170940171,79290.0
68873.70370370371,154572.4170940171,38195.0
68873.70370370371,154572.4170940171,34390.0
68873.70370370371,154572.4170940171,63000.0
68873.70370370371,154572.4170940171,85990.0
68873.70370370371,154572.4170940171,49000.0
68873.70370370371,154572.4170940171,44190.0
68873.70370370371,154572.4170940171,91090.0
68873.70370370371,154572.4170940171,105595.0
68873.70370370371,154572.4170940171,91995.0
68873.70370370371,154572.4170940171,50990.0
68873.70370370371,154572.4170940171,60495.0
68873.70370370371,154572.4170940171,46590.0
68873.70370370371,154572.4170940171,115590.0
68873.70370370371,154572.4170940171,57190.0
68873.70370370371,154572.4170940171,63790.0
68873.70370370371,154572.4170940171,152195.0
68873.70370370371,154572.4170940171,53990.0
68873.70370370371,154572.4170940171,114590.0
68873.70370370371,154572.4170940171,89890.0
158358.92857142858,154572.4170940171,90980.0
158358.92857142858,154572.4170940171,165000.0
158358.92857142858,154572.4170940171,104500.0
158358.92857142858,154572.4170940171,301000.0
158358.92857142858,154572.4170940171,79200.0
158358.92857142858,154572.4170940171,215200.0
158358.92857142858,154572.4170940171,186700.0
158358.92857142858,154572.4170940171,154000.0
158358.92857142858,154572.4170940171,119900.0
158358.92857142858,154572.4170940171,108400.0
158358.92857142858,154572.4170940171,193100.0
158358.92857142858,154572.4170940171,48500.0
158358.92857142858,154572.4170940171,118400.0
158358.92857142858,154572.4170940171,99900.0
158358.92857142858,154572.4170940171,84700.0
158358.92857142858,154572.4170940171,81400.0
158358.92857142858,154572.4170940171,68000.0
158358.92857142858,154572.4170940171,60300.0
158358.92857142858,154572.4170940171,45000.0
158358.92857142858,154572.4170940171,43300.0
158358.92857142858,154572.4170940171,58400.0
158358.92857142858,154572.4170940171,45100.0
158358.92857142858,154572.4170940171,69200.0
158358.92857142858,154572.4170940171,369940.0
158358.92857142858,154572.4170940171,345000.0
158358.92857142858,154572.4170940171,397180.0
158358.92857142858,154572.4170940171,373070.0
158358.92857142858,154572.4170940171,408680.0
55971.794871794875,154572.4170940171,54730.0
55971.794871794875,154572.4170940171,58990.0
55971.794871794875,154572.4170940171,91490.0
55971.794871794875,154572.4170940171,43030.0
55971.794871794875,154572.4170940171,59860.0
55971.794871794875,154572.4170940171,37690.0
55971.794871794875,154572.4170940171,69590.0
55971.794871794875,154572.4170940171,69590.0
55971.794871794875,154572.4170940171,47490.0
55971.794871794875,154572.4170940171,35190.0
55971.794871794875,154572.4170940171,54730.0
55971.794871794875,154572.4170940171,58990.0
55971.794871794875,154572.4170940171,29990.0
55971.794871794875,154572.4170940171,37695.0
55971.794871794875,154572.4170940171,41030.0
55971.794871794875,154572.4170940171,53400.0
55971.794871794875,154572.4170940171,35495.0
55971.794871794875,154572.4170940171,71220.0
55971.794871794875,154572.4170940171,95090.0
55971.794871794875,154572.4170940171,35190.0
55971.794871794875,154572.4170940171,50990.0
55971.794871794875,154572.4170940171,98090.0
55971.794871794875,154572.4170940171,62490.0
55971.794871794875,154572.4170940171,71080.0
55971.794871794875,154572.4170940171,68080.0
55971.794871794875,154572.4170940171,45620.0
55971.794871794875,154572.4170940171,33000.0
55971.794871794875,154572.4170940171,44320.0
55971.794871794875,154572.4170940171,38770.0
55971.794871794875,154572.4170940171,38770.0
55971.794871794875,154572.4170940171,31190.0
55971.794871794875,154572.4170940171,56840.0
55971.794871794875,154572.4170940171,77220.0
55971.794871794875,154572.4170940171,74220.0
55971.794871794875,154572.4170940171,71080.0
55971.794871794875,154572.4170940171,68080.0
55971.794871794875,154572.4170940171,56840.0
55971.794871794875,154572.4170940171,50250.0
55971.794871794875,154572.4170940171,65490.0
39988.666666666664,154572.4170940171,57540.0
39988.666666666664,154572.4170940171,25500.0
39988.666666666664,154572.4170940171,27610.0
39988.666666666664,154572.4170940171,55050.0
39988.666666666664,154572.4170940171,43590.0
39988.666666666664,154572.4170940171,38000.0
39988.666666666664,154572.4170940171,33050.0
39988.666666666664,154572.4170940171,40380.0
39988.666666666664,154572.4170940171,38630.0
39988.666666666664,154572.4170940171,40000.0
39988.666666666664,154572.4170940171,51440.0
39988.666666666664,154572.4170940171,51620.0
39988.666666666664,154572.4170940171,47930.0
39988.666666666664,154572.4170940171,46180.0
39988.666666666664,154572.4170940171,45980.0
39988.666666666664,154572.4170940171,38000.0
39988.666666666664,154572.4170940171,49000.0
39988.666666666664,154572.4170940171,30000.0
39988.666666666664,154572.4170940171,33050.0
39988.666666666664,154572.4170940171,48090.0
39988.666666666664,154572.4170940171,46140.0
39988.666666666664,154572.4170940171,65000.0
39988.666666666664,154572.4170940171,43990.0
39988.666666666664,154572.4170940171,26590.0
39988.666666666664,154572.4170940171,33310.0
39988.666666666664,154572.4170940171,37680.0
39988.666666666664,154572.4170940171,26590.0
39988.666666666664,154572.4170940171,27970.0
39988.666666666664,154572.4170940171,31340.0
39988.666666666664,154572.4170940171,20410.0
116065.14285714286,154572.4170940171,212000.0
116065.14285714286,154572.4170940171,80000.0
116065.14285714286,154572.4170940171,130120.0
116065.14285714286,154572.4170940171,215000.0
116065.14285714286,154572.4170940171,104700.0
116065.14285714286,154572.4170940171,87600.0
116065.14285714286,154572.4170940171,82300.0
116065.14285714286,154572.4170940171,120390.0
116065.14285714286,154572.4170940171,110890.0
116065.14285714286,154572.4170940171,102500.0
116065.14285714286,154572.4170940171,240000.0
116065.14285714286,154572.4170940171,102500.0
116065.14285714286,154572.4170940171,80990.0
116065.14285714286,154572.4170940171,169100.0
116065.14285714286,154572.4170940171,72900.0
116065.14285714286,154572.4170940171,63500.0
116065.14285714286,154572.4170940171,130300.0
116065.14285714286,154572.4170940171,84100.0
116065.14285714286,154572.4170940171,84690.0
116065.14285714286,154572.4170940171,98000.0
116065.14285714286,154572.4170940171,151500.0
116065.14285714286,154572.4170940171,78200.0
116065.14285714286,154572.4170940171,63500.0
116065.14285714286,154572.4170940171,220000.0
116065.14285714286,154572.4170940171,135000.0
116065.14285714286,154572.4170940171,123200.0
116065.14285714286,154572.4170940171,87600.0
116065.14285714286,154572.4170940171,161400.0
116065.14285714286,154572.4170940171,63500.0
116065.14285714286,154572.4170940171,118500.0
116065.14285714286,154572.4170940171,91600.0
116065.14285714286,154572.4170940171,82900.0
116065.14285714286,154572.4170940171,88900.0
116065.14285714286,154572.4170940171,104700.0
116065.14285714286,154572.4170940171,120200.0
34639.34782608696,154572.4170940171,33100.0
34639.34782608696,154572.4170940171,45000.0
34639.34782608696,154572.4170940171,46290.0
34639.34782608696,154572.4170940171,25400.0
34639.34782608696,154572.4170940171,13000.0
34639.34782608696,154572.4170940171,24300.0
34639.34782608696,154572.4170940171,33890.0
34639.34782608696,154572.4170940171,31095.0
34639.34782608696,154572.4170940171,33490.0
34639.34782608696,154572.4170940171,26695.0
34639.34782608696,154572.4170940171,31440.0
34639.34782608696,154572.4170940171,24390.0
34639.34782608696,154572.4170940171,30600.0
34639.34782608696,154572.4170940171,28590.0
34639.34782608696,154572.4170940171,43390.0
34639.34782608696,154572.4170940171,41290.0
34639.34782608696,154572.4170940171,36490.0
34639.34782608696,154572.4170940171,39740.0
34639.34782608696,154572.4170940171,35150.0
34639.34782608696,154572.4170940171,51990.0
34639.34782608696,154572.4170940171,48490.0
34639.34782608696,154572.4170940171,43390.0
34639.34782608696,154572.4170940171,29495.0
52648.4375,154572.4170940171,55900.0
52648.4375,154572.4170940171,72715.0
52648.4375,154572.4170940171,72710.0
52648.4375,154572.4170940171,70290.0
52648.4375,154572.4170940171,96660.0
52648.4375,154572.4170940171,44990.0
52648.4375,154572.4170940171,44990.0
52648.4375,154572.4170940171,38490.0
52648.4375,154572.4170940171,48740.0
52648.4375,154572.4170940171,43080.0
52648.4375,154572.4170940171,51590.0
52648.4375,154572.4170940171,34990.0
52648.4375,154572.4170940171,77340.0
52648.4375,154572.4170940171,30540.0
52648.4375,154572.4170940171,42630.0
52648.4375,154572.4170940171,43085.0
52648.4375,154572.4170940171,39270.0
52648.4375,154572.4170940171,39990.0
52648.4375,154572.4170940171,29990.0
52648.4375,154572.4170940171,91180.0
52648.4375,154572.4170940171,66040.0
52648.4375,154572.4170940171,29990.0
52648.4375,154572.4170940171,51790.0
52648.4375,154572.4170940171,77340.0
52648.4375,154572.4170940171,50800.0
52648.4375,154572.4170940171,77340.0
52648.4375,154572.4170940171,42590.0
52648.4375,154572.4170940171,52490.0
52648.4375,154572.4170940171,40740.0
52648.4375,154572.4170940171,42380.0
52648.4375,154572.4170940171,35340.0
52648.4375,154572.4170940171,48740.0
33343.57142857143,154572.4170940171,30000.0
33343.57142857143,154572.4170940171,35000.0
33343.57142857143,154572.4170940171,56950.0
33343.57142857143,154572.4170940171,52900.0
33343.57142857143,154572.4170940171,47440.0
33343.57142857143,154572.4170940171,17750.0
33343.57142857143,154572.4170940171,31200.0
33343.57142857143,154572.4170940171,28050.0
33343.57142857143,154572.4170940171,29400.0
33343.57142857143,154572.4170940171,27200.0
33343.57142857143,154572.4170940171,29150.0
33343.57142857143,154572.4170940171,28200.0
33343.57142857143,154572.4170940171,35400.0
33343.57142857143,154572.4170940171,35470.0
33343.57142857143,154572.4170940171,34470.0
33343.57142857143,154572.4170940171,35750.0
33343.57142857143,154572.4170940171,32450.0
33343.57142857143,154572.4170940171,44000.0
33343.57142857143,154572.4170940171,25550.0
33343.57142857143,154572.4170940171,28000.0
33343.57142857143,154572.4170940171,22550.0
33343.57142857143,154572.4170940171,23550.0
33343.57142857143,154572.4170940171,26700.0
33343.57142857143,154572.4170940171,38750.0
33343.57142857143,154572.4170940171,31550.0
33343.57142857143,154572.4170940171,43000.0
33343.57142857143,154572.4170940171,33000.0
33343.57142857143,154572.4170940171,30190.0
44824.81481481482,154572.4170940171,59990.0
44824.81481481482,154572.4170940171,50970.0
44824.81481481482,154572.4170940171,55000.0
44824.81481481482,154572.4170940171,33000.0
44824.81481481482,154572.4170940171,49990.0
44824.81481481482,154572.4170940171,37020.0
44824.81481481482,154572.4170940171,52490.0
44824.81481481482,154572.4170940171,53980.0
44824.81481481482,154572.4170940171,43630.0
44824.81481481482,154572.4170940171,36290.0
44824.81481481482,154572.4170940171,50650.0
44824.81481481482,154572.4170940171,59990.0
44824.81481481482,154572.4170940171,50490.0
44824.81481481482,154572.4170940171,40630.0
44824.81481481482,154572.4170940171,37020.0
44824.81481481482,154572.4170940171,33540.0
44824.81481481482,154572.4170940171,38990.0
44824.81481481482,154572.4170940171,36740.0
44824.81481481482,154572.4170940171,54490.0
44824.81481481482,154572.4170940171,50970.0
44824.81481481482,154572.4170940171,47850.0
44824.81481481482,154572.4170940171,53980.0
44824.81481481482,154572.4170940171,35490.0
44824.81481481482,154572.4170940171,29930.0
44824.81481481482,154572.4170940171,35240.0
44824.81481481482,154572.4170940171,48370.0
44824.81481481482,154572.4170940171,33540.0
775809.4444444445,143900.0,143900.0
775809.4444444445,154572.4170940171,348700.0
775809.4444444445,2160000.0,2160000.0
775809.4444444445,154572.4170940171,233200.0
775809.4444444445,154572.4170940171,330600.0
775809.4444444445,154572.4170940171,3250000.0
775809.4444444445,154572.4170940171,336480.0
775809.4444444445,154572.4170940171,168180.0
775809.4444444445,154572.4170940171,298200.0
775809.4444444445,2160000.0,2160000.0
775809.4444444445,154572.4170940171,354700.0
775809.4444444445,154572.4170940171,460000.0
775809.4444444445,154572.4170940171,3500000.0
775809.4444444445,154572.4170940171,298200.0
775809.4444444445,154572.4170940171,207680.0
775809.4444444445,154572.4170940171,3500000.0
775809.4444444445,154572.4170940171,330600.0
775809.4444444445,154572.4170940171,179800.0
775809.4444444445,154572.4170940171,189800.0
775809.4444444445,154572.4170940171,168500.0
775809.4444444445,154572.4170940171,232500.0
775809.4444444445,154572.4170940171,295600.0
775809.4444444445,154572.4170940171,185900.0
775809.4444444445,154572.4170940171,1280000.0
775809.4444444445,154572.4170940171,1280000.0
775809.4444444445,154572.4170940171,188900.0
775809.4444444445,154572.4170940171,217000.0
775809.4444444445,154572.4170940171,233200.0
775809.4444444445,154572.4170940171,155100.0
775809.4444444445,154572.4170940171,265900.0
775809.4444444445,143900.0,143900.0
775809.4444444445,154572.4170940171,330600.0
775809.4444444445,154572.4170940171,3600000.0
775809.4444444445,154572.4170940171,366300.0
775809.4444444445,154572.4170940171,349800.0
775809.4444444445,154572.4170940171,185900.0
620001.0,154572.4170940171,510000.0
620001.0,154572.4170940171,700000.0
620001.0,154572.4170940171,700000.0
620001.0,154572.4170940171,603000.0
620001.0,154572.4170940171,222620.0
620001.0,154572.4170940171,672000.0
620001.0,154572.4170940171,380900.0
620001.0,154572.4170940171,1800000.0
620001.0,154572.4170940171,431500.0
620001.0,154572.4170940171,300000.0
620001.0,154572.4170940171,361400.0
620001.0,154572.4170940171,322500.0
620001.0,154572.4170940171,400000.0
620001.0,154572.4170940171,630000.0
620001.0,154572.4170940171,2350000.0
620001.0,154572.4170940171,380900.0
620001.0,154572.4170940171,351400.0
620001.0,154572.4170940171,326800.0
620001.0,154572.4170940171,557000.0
620001.0,154572.4170940171,400000.0
719892.6,154572.4170940171,267000.0
719892.6,154572.4170940171,230000.0
719892.6,154572.4170940171,260670.0
719892.6,154572.4170940171,546840.0
719892.6,154572.4170940171,498250.0
719892.6,154572.4170940171,230000.0
719892.6,154572.4170940171,239000.0
719892.6,154572.4170940171,584000.0
719892.6,154572.4170940171,270000.0
719892.6,154572.4170940171,387830.0
719892.6,154572.4170940171,606840.0
719892.6,154572.4170940171,2800000.0
719892.6,154572.4170940171,546840.0
719892.6,154572.4170940171,239000.0
719892.6,154572.4170940171,417820.0
719892.6,154572.4170940171,573960.0
719892.6,154572.4170940171,270000.0
719892.6,154572.4170940171,246700.0
719892.6,154572.4170940171,230000.0
719892.6,154572.4170940171,269490.0
719892.6,154572.4170940171,518250.0
719892.6,154572.4170940171,239000.0
719892.6,154572.4170940171,538250.0
719892.6,154572.4170940171,2640000.0
719892.6,154572.4170940171,3900000.0
719892.6,154572.4170940171,2640000.0
719892.6,154572.4170940171,377838.0
719892.6,154572.4170940171,480000.0
719892.6,154572.4170940171,291200.0
719892.6,154572.4170940171,258000.0
63852.17391304348,154572.4170940171,186000.0
63852.17391304348,154572.4170940171,94650.0
63852.17391304348,154572.4170940171,43400.0
63852.17391304348,154572.4170940171,40200.0
63852.17391304348,154572.4170940171,97250.0
63852.17391304348,154572.4170940171,94550.0
63852.17391304348,154572.4170940171,43500.0
63852.17391304348,154572.4170940171,43500.0
63852.17391304348,154572.4170940171,42300.0
63852.17391304348,154572.4170940171,42300.0
63852.17391304348,154572.4170940171,51000.0
63852.17391304348,154572.4170940171,57400.0
63852.17391304348,154572.4170940171,55600.0
63852.17391304348,154572.4170940171,42200.0
63852.17391304348,154572.4170940171,108700.0
63852.17391304348,154572.4170940171,92350.0
63852.17391304348,154572.4170940171,60100.0
63852.17391304348,154572.4170940171,28400.0
63852.17391304348,154572.4170940171,35300.0
63852.17391304348,154572.4170940171,43900.0
63852.17391304348,154572.4170940171,28800.0
63852.17391304348,154572.4170940171,55500.0
63852.17391304348,154572.4170940171,81700.0
386591.8181818182,154572.4170940171,273300.0
386591.8181818182,154572.4170940171,843190.0
386591.8181818182,154572.4170940171,315200.0
386591.8181818182,154572.4170940171,299200.0
386591.8181818182,154572.4170940171,250300.0
386591.8181818182,154572.4170940171,297400.0
386591.8181818182,154572.4170940171,249100.0
386591.8181818182,154572.4170940171,240500.0
386591.8181818182,154572.4170940171,326200.0
386591.8181818182,154572.4170940171,311000.0
386591.8181818182,154572.4170940171,292500.0
386591.8181818182,154572.4170940171,235600.0
386591.8181818182,154572.4170940171,35750.0
386591.8181818182,154572.4170940171,226900.0
386591.8181818182,154572.4170940171,334000.0
386591.8181818182,154572.4170940171,288500.0
386591.8181818182,154572.4170940171,259200.0
386591.8181818182,154572.4170940171,264600.0
386591.8181818182,154572.4170940171,1950000.0
386591.8181818182,154572.4170940171,241200.0
386591.8181818182,154572.4170940171,1950000.0
386591.8181818182,154572.4170940171,225000.0
386591.8181818182,154572.4170940171,160000.0
386591.8181818182,154572.4170940171,160000.0
386591.8181818182,154572.4170940171,263500.0
386591.8181818182,154572.4170940171,236900.0
386591.8181818182,154572.4170940171,408940.0
386591.8181818182,154572.4170940171,280000.0
386591.8181818182,154572.4170940171,248900.0
386591.8181818182,154572.4170940171,197300.0
386591.8181818182,154572.4170940171,226000.0
386591.8181818182,154572.4170940171,2155280.0
386591.8181818182,154572.4170940171,258700.0
386591.8181818182,154572.4170940171,252080.0
386591.8181818182,154572.4170940171,249600.0
386591.8181818182,154572.4170940171,212500.0
386591.8181818182,154572.4170940171,212500.0
386591.8181818182,154572.4170940171,197300.0
386591.8181818182,154572.4170940171,294900.0
386591.8181818182,154572.4170940171,231100.0
386591.8181818182,154572.4170940171,208600.0
386591.8181818182,154572.4170940171,214800.0
386591.8181818182,154572.4170940171,317300.0
386591.8181818182,154572.4170940171,315200.0
4023333.3333333335,154572.4170940171,5000000.0
4023333.3333333335,154572.4170940171,5000000.0
4023333.3333333335,154572.4170940171,3900000.0
4023333.3333333335,154572.4170940171,2990000.0
4023333.3333333335,154572.4170940171,3400000.0
4023333.3333333335,154572.4170940171,3850000.0
436520.8333333333,154572.4170940171,400000.0
436520.8333333333,154572.4170940171,382000.0
436520.8333333333,154572.4170940171,380500.0
436520.8333333333,154572.4170940171,655000.0
436520.8333333333,154572.4170940171,605000.0
436520.8333333333,154572.4170940171,408000.0
436520.8333333333,154572.4170940171,465000.0
436520.8333333333,154572.4170940171,469700.0
436520.8333333333,154572.4170940171,348500.0
436520.8333333333,154572.4170940171,345000.0
436520.8333333333,154572.4170940171,438050.0
436520.8333333333,154572.4170940171,341500.0
515548.75,154572.4170940171,528990.0
515548.75,154572.4170940171,1525100.0
515548.75,154572.4170940171,428960.0
515548.75,154572.4170940171,408800.0
515548.75,154572.4170940171,1200000.0
515548.75,154572.4170940171,410000.0
515548.75,154572.4170940171,545700.0
515548.75,154572.4170940171,256500.0
515548.75,154572.4170940171,455700.0
515548.75,154572.4170940171,329000.0
515548.75,154572.4170940171,319000.0
515548.75,154572.4170940171,398000.0
515548.75,154572.4170940171,399000.0
515548.75,154572.4170940171,223950.0
515548.75,154572.4170940171,582580.0
515548.75,154572.4170940171,237500.0
52846.48148148148,154572.4170940171,51520.0
52846.48148148148,154572.4170940171,85670.0
52846.48148148148,154572.4170940171,81850.0
52846.48148148148,154572.4170940171,48320.0
52846.48148148148,154572.4170940171,46320.0
52846.48148148148,154572.4170940171,38000.0
52846.48148148148,154572.4170940171,44990.0
52846.48148148148,154572.4170940171,45950.0
52846.48148148148,154572.4170940171,87850.0
52846.48148148148,154572.4170940171,51150.0
52846.48148148148,154572.4170940171,46200.0
52846.48148148148,154572.4170940171,45950.0
52846.48148148148,154572.4170940171,46320.0
52846.48148148148,154572.4170940171,47990.0
52846.48148148148,154572.4170940171,47990.0
52846.48148148148,154572.4170940171,46320.0
52846.48148148148,154572.4170940171,47990.0
52846.48148148148,154572.4170940171,46320.0
52846.48148148148,154572.4170940171,44350.0
52846.48148148148,154572.4170940171,46090.0
52846.48148148148,154572.4170940171,48200.0
52846.48148148148,154572.4170940171,45700.0
52846.48148148148,154572.4170940171,51525.0
52846.48148148148,154572.4170940171,85670.0
52846.48148148148,154572.4170940171,51150.0
52846.48148148148,154572.4170940171,51150.0
52846.48148148148,154572.4170940171,46320.0
67705.28571428571,154572.4170940171,38690.0
67705.28571428571,154572.4170940171,112300.0
67705.28571428571,154572.4170940171,83380.0
67705.28571428571,154572.4170940171,79720.0
67705.28571428571,154572.4170940171,44820.0
67705.28571428571,154572.4170940171,81380.0
67705.28571428571,154572.4170940171,51080.0
67705.28571428571,154572.4170940171,69360.0
67705.28571428571,154572.4170940171,91740.0
67705.28571428571,154572.4170940171,72000.0
67705.28571428571,154572.4170940171,52930.0
67705.28571428571,154572.4170940171,77710.0
67705.28571428571,154572.4170940171,82720.0
67705.28571428571,154572.4170940171,88900.0
67705.28571428571,154572.4170940171,70190.0
67705.28571428571,154572.4170940171,80710.0
67705.28571428571,154572.4170940171,69190.0
67705.28571428571,154572.4170940171,39400.0
67705.28571428571,154572.4170940171,89280.0
67705.28571428571,154572.4170940171,94630.0
67705.28571428571,154572.4170940171,51040.0
67705.28571428571,154572.4170940171,80725.0
67705.28571428571,154572.4170940171,58670.0
67705.28571428571,154572.4170940171,53340.0
67705.28571428571,154572.4170940171,91935.0
67705.28571428571,154572.4170940171,109250.0
67705.28571428571,154572.4170940171,52420.0
67705.28571428571,154572.4170940171,79720.0
67705.28571428571,154572.4170940171,46000.0
67705.28571428571,154572.4170940171,44825.0
67705.28571428571,154572.4170940171,53380.0
67705.28571428571,154572.4170940171,45120.0
67705.28571428571,154572.4170940171,43070.0
67705.28571428571,154572.4170940171,38690.0
67705.28571428571,154572.4170940171,51370.0
56582.0,154572.4170940171,47300.0
56582.0,154572.4170940171,55330.0
56582.0,154572.4170940171,59450.0
56582.0,154572.4170940171,53670.0
56582.0,154572.4170940171,80000.0
56582.0,154572.4170940171,49780.0
56582.0,154572.4170940171,71900.0
56582.0,154572.4170940171,43600.0
56582.0,154572.4170940171,45250.0
56582.0,154572.4170940171,46300.0
56582.0,154572.4170940171,47950.0
56582.0,154572.4170940171,49050.0
56582.0,154572.4170940171,49050.0
56582.0,154572.4170940171,50300.0
56582.0,154572.4170940171,51250.0
56582.0,154572.4170940171,57200.0
56582.0,154572.4170940171,58450.0
56582.0,154572.4170940171,48800.0
56582.0,154572.4170940171,41300.0
56582.0,154572.4170940171,56000.0
56582.0,154572.4170940171,80000.0
56582.0,154572.4170940171,56850.0
56582.0,154572.4170940171,55330.0
56582.0,154572.4170940171,46500.0
56582.0,154572.4170940171,113940.0
31469.23076923077,154572.4170940171,31900.0
31469.23076923077,154572.4170940171,23400.0
31469.23076923077,154572.4170940171,41500.0
31469.23076923077,154572.4170940171,41500.0
31469.23076923077,154572.4170940171,39500.0
31469.23076923077,154572.4170940171,29900.0
31469.23076923077,154572.4170940171,30000.0
31469.23076923077,154572.4170940171,42500.0
31469.23076923077,154572.4170940171,28400.0
31469.23076923077,154572.4170940171,35900.0
31469.23076923077,154572.4170940171,31600.0
31469.23076923077,154572.4170940171,38900.0
31469.23076923077,154572.4170940171,37500.0
31469.23076923077,154572.4170940171,26900.0
31469.23076923077,154572.4170940171,24400.0
31469.23076923077,154572.4170940171,27900.0
31469.23076923077,154572.4170940171,27900.0
31469.23076923077,154572.4170940171,23400.0
31469.23076923077,154572.4170940171,26900.0
31469.23076923077,154572.4170940171,24400.0
31469.23076923077,154572.4170940171,29900.0
31469.23076923077,154572.4170940171,23400.0
31469.23076923077,154572.4170940171,33900.0
31469.23076923077,154572.4170940171,32900.0
31469.23076923077,154572.4170940171,33900.0
31469.23076923077,154572.4170940171,29900.0
53458.0,154572.4170940171,56450.0
53458.0,154572.4170940171,49400.0
53458.0,154572.4170940171,56350.0
53458.0,154572.4170940171,64500.0
53458.0,154572.4170940171,31300.0
53458.0,154572.4170940171,53750.0
53458.0,154572.4170940171,51050.0
53458.0,154572.4170940171,49050.0
53458.0,154572.4170940171,66990.0
53458.0,154572.4170940171,55950.0
53458.0,154572.4170940171,54300.0
53458.0,154572.4170940171,35800.0
53458.0,154572.4170940171,36300.0
53458.0,154572.4170940171,33300.0
53458.0,154572.4170940171,39850.0
53458.0,154572.4170940171,43850.0
53458.0,154572.4170940171,46600.0
53458.0,154572.4170940171,31300.0
53458.0,154572.4170940171,51250.0
53458.0,154572.4170940171,45150.0
53458.0,154572.4170940171,42500.0
53458.0,154572.4170940171,73200.0
53458.0,154572.4170940171,33200.0
53458.0,154572.4170940171,170500.0
53458.0,154572.4170940171,54250.0
53458.0,154572.4170940171,59950.0
53458.0,154572.4170940171,67850.0
53458.0,154572.4170940171,47200.0
53458.0,154572.4170940171,49050.0
53458.0,154572.4170940171,53550.0
32254.615384615383,154572.4170940171,52500.0
32254.615384615383,154572.4170940171,37990.0
32254.615384615383,154572.4170940171,39000.0
32254.615384615383,154572.4170940171,17500.0
32254.615384615383,154572.4170940171,36000.0
32254.615384615383,154572.4170940171,22440.0
32254.615384615383,154572.4170940171,28300.0
32254.615384615383,154572.4170940171,29610.0
32254.615384615383,154572.4170940171,28900.0
32254.615384615383,154572.4170940171,29400.0
32254.615384615383,154572.4170940171,31950.0
32254.615384615383,154572.4170940171,32860.0
32254.615384615383,154572.4170940171,32860.0
62881.71428571428,154572.4170940171,67900.0
62881.71428571428,154572.4170940171,58900.0
62881.71428571428,154572.4170940171,59400.0
62881.71428571428,154572.4170940171,88400.0
62881.71428571428,154572.4170940171,39400.0
62881.71428571428,154572.4170940171,70850.0
62881.71428571428,154572.4170940171,70850.0
62881.71428571428,154572.4170940171,98700.0
62881.71428571428,154572.4170940171,50000.0
62881.71428571428,154572.4170940171,55800.0
62881.71428571428,154572.4170940171,43150.0
62881.71428571428,154572.4170940171,68290.0
62881.71428571428,154572.4170940171,59290.0
62881.71428571428,154572.4170940171,51400.0
62881.71428571428,154572.4170940171,46750.0
62881.71428571428,154572.4170940171,41250.0
62881.71428571428,154572.4170940171,78200.0
62881.71428571428,154572.4170940171,63390.0
62881.71428571428,154572.4170940171,80650.0
62881.71428571428,154572.4170940171,60680.0
62881.71428571428,154572.4170940171,83200.0
62881.71428571428,154572.4170940171,41500.0
62881.71428571428,154572.4170940171,55550.0
62881.71428571428,154572.4170940171,75950.0
62881.71428571428,154572.4170940171,43150.0
62881.71428571428,154572.4170940171,79820.0
62881.71428571428,154572.4170940171,43990.0
62881.71428571428,154572.4170940171,55800.0
62881.71428571428,154572.4170940171,62950.0
62881.71428571428,154572.4170940171,77700.0
62881.71428571428,154572.4170940171,79700.0
62881.71428571428,154572.4170940171,50000.0
62881.71428571428,154572.4170940171,88400.0
62881.71428571428,154572.4170940171,65000.0
62881.71428571428,154572.4170940171,44900.0
36452.41935483871,154572.4170940171,36200.0
36452.41935483871,154572.4170940171,26490.0
36452.41935483871,154572.4170940171,40700.0
36452.41935483871,154572.4170940171,26100.0
36452.41935483871,154572.4170940171,25000.0
36452.41935483871,154572.4170940171,30500.0
36452.41935483871,154572.4170940171,23490.0
36452.41935483871,154572.4170940171,21850.0
36452.41935483871,154572.4170940171,25900.0
36452.41935483871,154572.4170940171,31700.0
36452.41935483871,154572.4170940171,44800.0
36452.41935483871,154572.4170940171,25900.0
36452.41935483871,154572.4170940171,35350.0
36452.41935483871,154572.4170940171,30600.0
36452.41935483871,154572.4170940171,27800.0
36452.41935483871,154572.4170940171,57470.0
36452.41935483871,154572.4170940171,27300.0
36452.41935483871,154572.4170940171,30500.0
36452.41935483871,154572.4170940171,52000.0
36452.41935483871,154572.4170940171,37500.0
36452.41935483871,154572.4170940171,45000.0
36452.41935483871,154572.4170940171,33400.0
36452.41935483871,154572.4170940171,57300.0
36452.41935483871,154572.4170940171,26400.0
36452.41935483871,154572.4170940171,37600.0
36452.41935483871,154572.4170940171,45660.0
36452.41935483871,154572.4170940171,26820.0
36452.41935483871,154572.4170940171,45760.0
36452.41935483871,154572.4170940171,44800.0
36452.41935483871,154572.4170940171,52035.0
36452.41935483871,154572.4170940171,58100.0
80349.0625,154572.4170940171,88500.0
80349.0625,154572.4170940171,98500.0
80349.0625,154572.4170940171,47240.0
80349.0625,154572.4170940171,58430.0
80349.0625,154572.4170940171,60000.0
80349.0625,154572.4170940171,39900.0
80349.0625,154572.4170940171,94990.0
80349.0625,154572.4170940171,43990.0
80349.0625,154572.4170940171,195200.0
80349.0625,154572.4170940171,39900.0
80349.0625,154572.4170940171,58990.0
80349.0625,154572.4170940171,99990.0
80349.0625,154572.4170940171,60990.0
80349.0625,154572.4170940171,106990.0
80349.0625,154572.4170940171,69900.0
80349.0625,154572.4170940171,49900.0
80349.0625,154572.4170940171,43990.0
80349.0625,154572.4170940171,109990.0
80349.0625,154572.4170940171,114990.0
80349.0625,154572.4170940171,96990.0
80349.0625,154572.4170940171,53990.0
80349.0625,154572.4170940171,60000.0
80349.0625,154572.4170940171,44990.0
80349.0625,154572.4170940171,60900.0
80349.0625,154572.4170940171,52990.0
80349.0625,154572.4170940171,107990.0
80349.0625,154572.4170940171,104990.0
80349.0625,154572.4170940171,104990.0
80349.0625,154572.4170940171,120990.0
80349.0625,154572.4170940171,51990.0
80349.0625,154572.4170940171,119990.0
80349.0625,154572.4170940171,107990.0
