year,month,price_usd,marketing_spend_usd,dealership_count,competition_index,units_sold,country_bin_1,country_bin_2,country_bin_3,country_bin_4,model_bin_1,model_bin_2,model_bin_3,model_bin_4,segment_bin_1,segment_bin_2,engine_type_bin_1,engine_type_bin_2,engine_type_bin_3
2021,1,82234,315372,96,8,324,1,0,0,0,1,1,1,0,1,1,0,0,1
2018,8,82291,447798,234,7,556,1,0,0,0,0,0,1,0,0,1,0,1,0
2022,12,40594,259755,25,7,152,0,1,0,1,0,1,0,0,1,0,1,1,0
2019,11,42371,323541,319,5,730,1,0,0,0,1,0,1,0,1,1,0,1,0
2021,12,82315,482015,367,2,1156,0,1,0,0,1,0,0,1,1,1,1,0,0
2024,12,118564,349155,172,6,687,0,0,1,0,1,0,1,0,1,0,1,0,0
2017,4,114526,129183,107,10,439,0,1,0,1,0,0,1,0,1,0,1,0,0
2021,4,51626,405398,165,3,489,0,1,0,1,0,1,0,1,0,1,1,0,0
2022,5,42130,487480,11,4,435,1,1,1,0,1,0,0,0,0,1,0,0,1
2019,8,41828,92317,359,10,1080,1,0,0,1,1,1,0,0,1,1,0,0,1
2018,5,92514,228986,178,2,447,1,0,0,1,0,1,0,0,1,0,0,1,0
2022,8,87664,265705,324,2,827,0,1,0,0,0,0,0,1,1,0,1,1,0
2022,10,52883,414633,334,8,712,1,1,0,0,0,0,0,1,1,0,1,0,0
2017,1,78059,226326,384,8,1181,0,1,1,0,0,0,0,1,1,1,0,1,0
2020,12,119078,352240,101,10,307,0,1,1,0,1,1,1,0,1,0,0,0,1
2019,10,77932,365929,190,6,725,1,0,1,0,0,0,0,1,1,0,0,0,1
2016,9,96269,102344,240,5,588,0,1,0,0,1,1,0,0,1,1,1,1,0
2022,6,110986,296060,310,8,644,0,1,0,1,1,0,0,0,0,1,1,1,0
2020,3,37035,432526,157,4,534,0,1,0,0,0,0,0,1,0,1,1,1,0
2016,8,75745,249618,289,4,1004,0,1,0,0,1,0,1,0,1,1,0,1,0
2019,9,52241,209484,198,5,544,0,1,0,0,1,0,1,0,1,0,0,0,1
2015,6,87975,160489,356,1,751,1,0,0,1,1,1,1,0,1,1,0,0,1
2024,11,58154,494874,359,1,1061,0,1,0,0,1,1,0,0,0,1,1,1,0
2020,7,60625,492765,323,2,954,0,0,1,0,1,0,0,0,0,1,1,0,0
2023,1,79950,308667,137,8,673,0,1,1,0,0,1,0,0,1,1,1,1,0
2015,5,91396,61549,16,7,15,1,0,1,0,0,0,1,0,1,1,0,1,0
2024,5,48331,75739,56,10,107,0,0,1,0,1,0,0,0,0,1,1,1,0
2017,10,98927,333353,62,9,523,1,0,1,0,0,0,1,0,1,1,1,1,0
2021,4,119719,157051,196,5,782,1,1,1,0,0,1,0,1,0,1,0,1,0
2018,6,98014,65116,47,2,397,1,0,1,0,0,0,1,0,1,1,1,1,0
2023,7,74346,70045,235,7,773,0,1,1,0,1,0,0,1,1,1,0,0,1
2017,9,105411,469543,62,8,179,0,1,1,0,1,0,1,0,1,1,1,0,0
2019,1,89478,85709,233,7,652,0,1,0,0,1,1,0,0,0,1,1,1,0
2017,6,47254,355761,163,7,389,0,0,0,1,0,1,1,0,1,1,0,1,0
2021,7,90734,207977,57,5,213,1,1,1,0,1,1,1,0,0,1,1,0,0
2019,3,63621,253675,360,2,945,0,1,0,1,1,0,0,1,0,1,0,1,0
2023,8,111441,279167,156,6,705,1,0,0,0,0,0,1,0,1,1,1,0,0
2021,5,81121,431923,73,4,368,1,0,1,0,0,0,0,1,1,1,1,0,0
2016,9,116418,355063,358,10,743,0,0,0,1,1,1,0,0,0,1,1,1,0
2018,5,95197,395665,191,2,805,0,1,0,0,1,0,0,1,0,1,0,0,1
2023,9,119577,269222,134,9,380,1,0,0,1,1,1,1,0,1,0,1,1,0
2016,10,77431,239518,188,7,543,0,1,0,1,1,0,1,0,0,1,0,1,0
2024,4,39837,233500,48,6,429,1,1,0,0,1,1,0,0,1,0,0,1,0
2023,9,118163,491110,269,5,661,0,0,0,1,1,1,1,0,1,0,1,0,0
2024,5,106232,318591,391,3,1001,1,0,0,1,0,1,0,1,1,0,1,0,0
2019,10,83994,55499,12,10,413,1,1,1,0,0,1,0,1,1,1,0,0,1
2016,9,114079,89041,73,10,396,0,1,0,0,1,1,1,0,1,1,1,1,0
2018,3,47615,343459,38,4,225,0,1,0,1,1,0,0,1,0,1,0,1,0
2021,4,36466,182371,381,3,992,0,1,0,1,1,1,0,0,1,0,1,0,0
2022,9,65771,432650,20,8,476,0,1,0,1,1,0,0,1,1,1,0,0,1
2017,10,118886,186066,106,3,357,1,1,1,0,0,1,0,0,1,1,0,1,0
2015,11,100911,276486,367,7,1145,1,0,1,0,0,0,1,0,1,1,1,0,0
2018,6,55746,262235,212,7,679,1,1,0,0,0,1,0,0,1,1,0,1,0
2016,2,95739,307831,30,7,184,1,1,1,0,0,1,0,1,1,1,0,0,1
2022,7,108369,450705,48,7,205,1,0,0,0,1,0,1,0,1,0,0,0,1
2018,2,36893,403791,232,2,534,1,1,0,0,1,0,0,0,1,0,0,1,0
2016,11,65573,344499,111,10,578,0,1,1,0,0,0,1,0,1,0,1,1,0
2020,2,75874,385949,55,3,292,0,1,0,0,0,1,0,1,1,0,0,1,0
2020,11,112362,380511,75,10,495,1,1,1,0,1,0,0,1,0,1,1,0,0
2024,1,68367,422050,100,9,576,1,0,0,1,1,0,0,1,1,0,1,1,0
2018,11,56199,429553,173,3,534,1,1,0,0,1,0,0,1,1,1,1,0,0
2020,11,109328,389499,120,2,453,1,0,0,0,1,0,1,0,1,0,0,1,0
2016,12,92724,166220,347,9,1070,0,1,1,0,0,1,0,0,0,1,1,1,0
2024,11,71405,271421,132,10,348,1,0,1,0,1,0,0,0,1,1,1,0,0
2016,3,50989,399317,202,9,651,1,0,0,1,1,0,0,1,1,0,0,1,0
2024,6,63931,314140,108,4,307,1,1,0,0,0,1,1,0,1,0,0,1,0
2018,8,44290,301071,300,9,951,0,1,0,0,0,0,1,0,1,0,1,1,0
2022,9,73367,356531,168,3,393,1,0,0,1,1,1,0,0,1,1,0,1,0
2021,7,114878,53089,112,7,453,0,1,1,0,0,1,1,0,1,1,0,0,1
2023,4,114481,410971,394,7,1190,1,0,0,1,1,0,0,0,0,1,1,0,0
2022,6,111298,332803,290,8,847,0,0,1,0,1,0,1,0,1,1,1,0,0
2019,5,65133,357322,52,10,117,0,0,0,1,1,0,0,0,1,1,0,1,0
2016,8,62052,145965,93,4,518,1,0,1,0,1,1,0,0,1,0,0,1,0
2019,1,75475,131268,200,3,610,0,1,1,0,0,0,1,0,1,1,0,0,1
2022,1,117666,397186,60,3,260,1,0,0,1,1,1,0,0,1,0,1,1,0
2024,11,92656,418615,395,5,1115,0,0,0,1,1,1,1,0,1,0,0,1,0
2023,6,39633,251798,219,1,677,0,0,0,1,0,0,1,0,1,1,0,1,0
2023,10,52304,382255,135,10,370,1,0,0,1,1,0,0,0,0,1,0,1,0
2015,12,81546,287103,78,3,532,0,1,0,0,1,0,0,1,0,1,0,1,0
2023,2,42008,294754,274,6,691,0,0,1,0,1,0,0,0,1,1,1,0,0
2021,5,83291,215637,267,3,899,1,1,1,0,1,0,0,0,0,1,0,1,0
2023,1,62405,412579,197,5,605,0,0,1,0,0,0,1,0,1,0,1,0,0
2022,7,71386,139242,239,9,474,1,0,0,1,1,1,1,0,1,0,0,1,0
2015,1,55827,425348,198,2,706,1,0,1,0,1,0,0,0,1,1,1,1,0
2022,4,68040,203956,19,2,272,1,1,1,0,0,1,1,0,0,1,0,0,1
2022,9,95354,329343,123,6,531,0,1,1,0,0,1,0,1,0,1,1,1,0
2017,1,113543,110038,85,6,586,0,0,1,0,0,0,0,1,1,0,0,1,0
2015,4,53157,107786,173,8,667,1,0,0,1,0,0,0,1,1,1,0,1,0
2022,6,70315,421780,94,2,559,0,0,1,0,1,0,0,0,0,1,0,1,0
2017,6,70932,286042,58,9,502,1,1,1,0,0,1,1,0,1,1,1,1,0
2017,12,56164,361438,335,2,822,1,0,0,0,1,0,0,1,0,1,0,1,0
2015,8,49414,259087,186,1,564,1,1,0,0,1,0,1,0,1,0,1,1,0
2019,1,49327,215250,396,10,1066,0,0,1,0,1,0,1,0,1,0,1,0,0
2024,7,35946,455881,398,2,871,0,1,1,0,0,0,1,0,1,1,0,0,1
2021,1,49693,312678,227,7,592,0,1,1,0,0,0,0,1,1,0,0,0,1
2024,7,62241,403972,198,8,508,0,1,0,1,1,0,0,0,0,1,1,1,0
2023,3,50540,348276,355,5,1177,0,0,1,0,1,0,1,0,1,0,1,0,0
2021,11,107255,427864,239,6,630,1,1,0,0,1,0,0,0,1,1,1,1,0
2023,8,99757,348254,264,1,845,0,1,0,0,0,0,1,0,1,1,1,0,0
2022,3,76203,239826,245,6,880,0,0,0,1,0,0,0,1,1,1,0,1,0
2016,1,60081,375724,35,8,100,1,1,0,0,1,1,0,0,0,1,1,0,0
2015,8,96861,465685,81,3,451,0,0,0,1,0,1,0,1,0,1,1,0,0
2021,3,46350,376160,270,1,944,0,0,0,1,0,1,0,1,0,1,1,0,0
2021,2,90512,96233,263,4,705,1,0,0,0,1,0,1,0,0,1,0,0,1
2022,1,91809,442007,280,1,947,0,1,0,1,0,1,0,1,0,1,1,0,0
2019,3,77832,247780,132,8,658,1,1,0,0,1,1,0,0,1,0,0,1,0
2017,2,63369,274522,153,5,532,1,1,0,0,1,0,0,0,0,1,0,1,0
2022,2,66728,156311,266,1,904,1,0,0,0,0,0,1,0,0,1,0,1,0
2020,6,52576,84409,153,8,728,0,0,1,0,1,1,0,0,1,0,1,0,0
2017,12,64001,296231,268,9,709,0,0,1,0,0,0,1,0,0,1,1,1,0
2015,1,118384,462540,56,10,368,0,0,1,0,0,0,1,0,1,1,1,1,0
2017,2,35390,451954,360,2,1007,1,0,1,0,0,0,0,1,0,1,0,1,0
2019,6,80436,336198,22,9,193,0,0,0,1,1,0,0,0,0,1,0,0,1
2017,3,46569,79709,385,8,874,1,0,1,0,0,1,1,0,1,1,1,1,0
2015,4,48029,159321,217,7,622,0,1,0,1,0,1,0,1,1,1,1,0,0
2019,1,57490,50363,320,3,1049,1,0,0,0,0,1,1,0,1,1,1,1,0
2024,8,80875,322502,244,2,857,1,1,0,0,0,0,0,1,1,1,0,1,0
2021,7,40867,446456,158,7,426,0,0,0,1,0,0,1,0,0,1,0,0,1
2021,7,115820,95689,331,5,1055,1,0,1,0,1,0,1,0,1,1,1,1,0
2023,3,44121,314080,164,6,742,1,0,1,0,0,1,0,1,1,1,1,1,0
2024,10,36539,424416,175,4,686,1,0,0,1,0,1,0,1,1,0,0,1,0
2024,10,52027,141074,99,2,299,1,0,1,0,1,0,0,0,1,1,0,0,1
2017,3,109229,225037,195,9,716,0,1,0,0,1,1,1,0,1,1,0,0,1
2021,2,43921,258606,327,3,906,1,1,0,0,0,1,0,0,1,0,0,1,0
2015,12,85435,50882,367,7,1038,0,1,0,0,0,1,0,0,1,0,1,0,0
2018,1,45310,463440,183,8,421,1,1,0,0,0,1,0,0,0,1,1,1,0
2018,7,98965,417371,226,2,551,1,0,0,0,1,1,1,0,1,0,1,0,0
2019,7,104922,304822,273,6,941,1,1,0,0,1,0,0,0,0,1,1,1,0
2021,12,117839,175865,106,8,626,0,1,0,0,1,1,1,0,1,0,1,1,0
2021,2,47242,173745,126,7,632,1,1,0,0,0,1,0,0,1,0,1,0,0
2018,7,43947,474041,208,3,837,1,0,0,0,0,0,0,1,0,1,0,1,0
2021,8,106466,78885,329,1,749,1,0,0,0,1,1,0,0,1,0,0,1,0
2017,1,96816,221128,30,6,373,0,1,0,1,0,0,1,0,0,1,1,1,0
2020,9,83785,446419,209,8,753,1,1,0,0,1,1,1,0,1,0,0,1,0
2016,7,35507,241313,380,6,1169,1,0,0,1,1,0,0,0,1,1,1,1,0
2024,3,101972,445460,350,5,780,0,0,1,0,1,0,0,0,1,0,0,1,0
2023,8,62151,410466,257,8,756,0,1,1,0,0,1,1,0,0,1,1,1,0
2019,7,46618,380763,285,2,848,1,0,0,0,1,1,0,0,1,0,0,1,0
2020,11,109286,71584,273,1,911,1,1,1,0,1,0,1,0,0,1,0,0,1
2018,8,51122,320665,67,1,530,0,0,1,0,0,1,0,1,0,1,1,0,0
2024,6,42354,231089,311,4,989,0,0,0,1,0,1,0,0,1,1,0,0,1
2021,9,65979,345685,40,6,203,1,1,0,0,1,0,1,0,1,1,1,0,0
2023,5,114376,79063,258,9,685,0,1,0,0,0,1,1,0,0,1,1,0,0
2021,3,87774,120268,102,1,408,0,1,1,0,0,1,0,0,1,0,1,1,0
2015,3,40037,306306,274,1,762,1,1,1,0,1,1,0,0,0,1,1,0,0
2015,1,63633,176218,280,5,941,0,0,1,0,0,1,1,0,0,1,0,0,1
2023,12,59495,430350,103,10,425,1,1,0,0,0,1,0,0,1,0,0,0,1
2023,8,99550,274126,163,5,596,0,1,0,1,1,1,0,0,1,0,0,1,0
2018,2,116384,220635,294,5,769,0,0,0,1,1,0,0,1,1,0,0,0,1
2023,3,71483,220824,89,10,543,0,1,1,0,1,0,1,0,1,0,0,1,0
2017,8,108373,276305,301,6,997,1,0,0,1,1,0,1,0,0,1,1,0,0
2021,8,69069,445783,93,8,357,0,1,0,1,0,1,0,1,0,1,0,0,1
2020,11,42370,459337,374,3,1043,1,1,1,0,1,1,0,0,1,1,1,0,0
2022,4,106947,444890,383,9,849,0,1,1,0,1,1,1,0,0,1,0,0,1
2023,4,74133,126411,46,1,122,0,1,0,1,1,0,0,1,1,0,0,0,1
2019,5,35692,159876,351,4,916,0,0,0,1,0,0,0,1,1,1,0,1,0
2015,6,63926,248153,336,9,882,1,0,0,1,0,1,0,0,1,0,1,0,0
2017,5,108984,210212,241,8,472,0,1,0,1,1,0,0,1,0,1,0,0,1
2024,7,78390,190399,102,10,448,1,0,1,0,1,1,0,0,1,1,1,1,0
2022,2,84593,73331,345,9,956,1,0,0,1,0,0,1,0,1,0,1,0,0
2020,7,110609,73004,111,1,628,1,1,1,0,0,1,0,0,1,1,1,0,0
2022,10,40209,288441,175,9,806,0,0,0,1,1,0,0,0,1,1,1,0,0
2023,7,41533,431387,168,3,465,1,1,0,0,1,0,1,0,0,1,0,1,0
2018,1,42211,453708,23,10,121,0,1,0,0,1,1,0,0,1,0,1,1,0
2015,7,44927,498013,382,9,923,0,1,0,0,1,0,0,0,1,1,1,0,0
2015,5,112463,239167,234,1,507,0,1,0,0,0,1,0,1,1,1,0,0,1
2024,3,59594,456965,82,1,288,0,1,1,0,0,1,1,0,1,0,0,0,1
2018,3,109852,375361,258,9,519,1,1,1,0,0,0,0,1,1,1,0,1,0
2021,4,112713,139044,100,6,527,0,0,0,1,0,0,0,1,1,1,0,0,1
2016,12,111382,321189,225,4,883,1,0,0,1,1,0,0,0,1,1,1,0,0
2017,2,42933,332260,99,7,361,0,1,1,0,1,0,1,0,1,0,0,0,1
2015,2,75696,68667,38,5,388,1,1,1,0,0,1,0,1,1,0,1,0,0
2019,1,100449,387201,314,10,844,1,1,0,0,0,0,1,0,1,0,0,0,1
2015,5,102616,124205,229,7,687,1,0,1,0,1,0,1,0,1,0,1,1,0
2022,4,41089,77302,337,8,880,0,0,0,1,1,0,0,1,0,1,0,1,0
2015,11,91548,454499,224,8,887,0,1,0,0,0,0,0,1,1,1,0,1,0
2015,10,61123,212007,230,1,788,0,1,0,1,1,0,0,1,1,0,1,1,0
2016,2,42797,122534,398,8,1026,0,0,0,1,0,1,0,0,1,1,1,1,0
2016,3,85013,275414,51,6,347,1,0,0,0,1,1,1,0,1,1,0,1,0
2020,7,43346,212696,144,4,386,1,1,1,0,1,1,0,0,0,1,1,1,0
2021,7,68672,63440,51,8,187,0,0,1,0,0,1,0,1,1,0,1,0,0
2019,12,52653,423145,173,3,599,1,1,0,0,1,0,1,0,1,0,0,0,1
2015,4,84556,358645,370,4,815,1,0,1,0,0,0,0,1,1,1,0,1,0
2015,5,61140,444485,292,6,1044,1,1,0,0,1,0,0,1,1,0,1,1,0
2017,5,36184,320012,67,7,536,0,0,0,1,0,1,1,0,1,1,1,0,0
2016,6,69493,211323,311,4,967,0,0,1,0,0,1,0,0,1,1,0,1,0
2019,9,79148,390053,331,4,744,1,0,0,0,1,1,0,0,0,1,1,1,0
2024,2,59846,134523,34,7,341,1,0,0,1,1,1,0,0,0,1,0,1,0
2020,5,57195,219801,82,6,511,0,1,0,1,1,0,1,0,0,1,1,1,0
2021,12,40606,65734,382,8,790,0,0,1,0,0,1,0,1,1,1,0,1,0
2018,3,38956,223501,138,1,457,1,1,1,0,0,0,1,0,1,0,1,0,0
2021,4,51555,222409,96,10,245,0,1,0,0,0,1,1,0,0,1,1,0,0
2022,10,53690,483541,339,7,818,1,0,0,0,1,0,1,0,1,0,0,0,1
2015,6,93502,395744,162,7,596,0,1,0,1,1,0,0,1,0,1,0,1,0
2020,12,83849,320577,191,7,396,1,0,1,0,1,1,1,0,0,1,0,0,1
2022,8,61347,190183,134,7,523,0,1,0,0,1,0,0,0,1,1,0,1,0
2019,1,84056,153986,76,10,419,0,0,0,1,0,0,1,0,0,1,1,1,0
2018,10,98851,375897,15,10,173,0,0,1,0,0,1,0,1,0,1,1,1,0
2016,8,116502,163783,134,8,393,0,1,0,1,0,1,0,0,1,1,0,0,1
2020,11,116418,261655,323,9,654,0,1,1,0,0,0,1,0,1,0,0,1,0
2020,7,105211,333895,335,9,773,1,0,0,1,0,0,0,1,0,1,0,0,1
2015,1,76850,197525,62,2,211,1,0,0,1,0,1,0,1,1,1,1,0,0
2023,2,113545,266916,75,7,375,1,0,0,0,1,1,1,0,0,1,0,0,1
2020,3,62843,482184,323,7,975,1,0,1,0,0,0,0,1,1,1,0,0,1
2017,1,97320,211149,91,4,396,1,0,0,0,0,0,1,0,1,0,1,1,0
2018,9,64793,289654,96,9,500,0,1,1,0,1,0,0,0,1,0,0,0,1
2018,8,74516,477991,11,8,142,1,1,1,0,1,0,0,0,1,1,0,1,0
2017,2,52857,239216,213,1,523,1,0,1,0,1,1,1,0,1,1,1,1,0
2024,9,54627,360714,159,2,697,1,1,0,0,1,1,0,0,1,1,0,0,1
2017,7,96822,227169,302,2,941,1,1,1,0,0,1,1,0,1,0,1,0,0
2017,9,119101,336647,112,8,446,1,0,1,0,0,1,0,0,0,1,0,0,1
2018,6,87248,183851,33,1,477,1,0,1,0,1,1,0,0,1,0,0,0,1
2021,6,90798,398984,377,4,1008,0,1,1,0,1,0,0,0,1,1,0,0,1
2018,11,79116,181827,221,10,781,0,0,0,1,1,0,0,0,1,1,1,1,0
2023,4,110318,351407,74,5,532,0,1,1,0,1,0,0,1,1,0,0,1,0
2015,10,63557,420635,218,9,542,1,0,1,0,0,0,0,1,1,1,1,0,0
2022,10,106334,367231,260,7,796,0,1,0,1,0,0,1,0,1,0,0,0,1
2021,2,110163,485497,394,8,1237,1,1,1,0,0,1,0,0,1,1,0,1,0
2016,7,113002,101482,126,9,318,0,1,1,0,1,1,1,0,0,1,0,1,0
2022,5,77614,498073,125,7,592,0,0,0,1,0,0,1,0,0,1,1,1,0
2015,11,47720,172989,246,5,677,0,0,1,0,1,0,0,1,1,1,1,0,0
2023,6,92608,460616,114,5,551,1,0,0,0,1,0,0,0,1,0,1,1,0
2023,2,107095,352259,268,10,924,1,0,1,0,1,1,1,0,0,1,0,1,0
2016,5,119694,326393,55,6,536,1,1,0,0,1,0,0,0,1,0,0,1,0
2021,10,70892,294255,320,5,1099,0,0,1,0,0,1,0,0,1,1,0,1,0
2024,4,112242,490041,340,9,894,1,0,0,1,0,0,0,1,1,0,1,1,0
2017,9,112606,160361,225,3,665,0,1,0,0,0,0,1,0,0,1,1,0,0
2021,6,35924,336744,310,3,830,0,0,0,1,0,0,1,0,1,0,0,0,1
2024,2,86322,349850,342,7,705,1,1,0,0,1,1,0,0,1,0,1,1,0
2023,1,61478,331366,33,7,360,0,1,0,0,1,1,1,0,1,1,0,1,0
2018,5,106042,411185,44,6,152,0,0,0,1,0,1,1,0,1,1,1,1,0
2015,9,81418,416648,33,3,162,0,1,0,1,1,0,0,1,1,1,0,1,0
2016,6,97217,91139,37,7,411,1,0,0,0,0,1,1,0,0,1,0,0,1
2015,10,115846,164919,25,5,359,0,0,1,0,1,1,0,0,0,1,0,0,1
2019,12,108762,297677,68,7,367,1,1,1,0,0,1,0,0,1,1,1,0,0
2019,7,46781,353446,252,2,644,0,0,0,1,1,0,0,1,1,1,0,1,0
2021,5,40515,275756,216,6,530,1,1,1,0,0,0,0,1,0,1,1,0,0
2023,10,71133,399982,280,8,899,1,0,0,0,0,1,1,0,0,1,1,0,0
2023,6,117508,189718,258,1,550,1,0,1,0,0,0,0,1,0,1,0,0,1
2017,5,111946,194615,276,4,903,1,0,0,1,0,1,1,0,0,1,1,1,0
2017,11,44095,275568,202,1,860,0,0,1,0,0,0,0,1,1,1,1,1,0
2017,9,55470,203857,344,1,1012,1,0,0,0,0,1,1,0,0,1,1,0,0
2018,6,78129,390497,227,10,538,1,0,0,0,0,0,0,1,1,1,0,0,1
2022,11,43531,474622,124,8,516,0,1,0,1,1,1,0,0,1,0,0,1,0
2020,8,72038,401136,77,7,407,0,1,0,0,0,1,0,1,1,0,1,1,0
2022,2,77674,363572,308,10,925,1,0,0,1,1,0,0,1,0,1,1,0,0
2015,12,117476,73777,334,1,1025,0,0,1,0,1,1,1,0,1,0,1,1,0
2022,9,64831,107939,84,2,450,1,0,1,0,0,1,0,0,1,0,1,1,0
2018,5,92174,496242,112,4,543,1,0,1,0,1,0,1,0,1,0,0,1,0
2015,7,46279,398594,306,1,999,0,1,1,0,1,0,0,0,0,1,0,0,1
2022,10,73220,472769,187,3,811,1,0,0,0,1,1,1,0,0,1,0,1,0
2018,1,95610,73548,224,8,685,0,0,0,1,1,0,0,0,1,0,0,0,1
2020,10,87719,480481,324,8,847,0,1,0,1,1,0,0,1,1,1,1,1,0
2022,5,88051,175549,48,8,209,1,0,0,1,1,1,1,0,1,0,1,0,0
2018,12,107013,483917,268,6,840,1,0,1,0,0,0,0,1,0,1,0,1,0
2017,10,91652,494503,213,6,725,0,0,1,0,0,0,0,1,0,1,0,0,1
2023,2,100524,187799,16,5,344,0,1,1,0,1,0,1,0,0,1,1,1,0
2017,12,117936,291532,58,9,441,0,0,1,0,1,0,0,0,1,0,0,0,1
2023,6,41470,231789,35,4,281,0,1,0,1,0,1,0,0,1,1,0,0,1
2016,11,102598,475643,170,10,625,0,0,0,1,1,0,0,1,0,1,0,0,1
2016,1,76798,197764,366,7,1104,0,1,1,0,0,0,0,1,0,1,1,1,0
2016,3,88473,81625,185,1,540,0,1,1,0,0,1,0,1,1,0,1,0,0
2020,5,54880,337062,88,9,457,0,1,0,0,1,1,0,0,1,1,1,0,0
2017,4,79439,484352,11,7,420,1,0,0,1,1,1,0,0,1,0,1,0,0
2023,3,49308,426970,392,10,897,0,1,1,0,0,1,1,0,0,1,0,0,1
2018,10,70081,164881,141,9,529,0,1,0,0,0,1,0,0,1,1,1,1,0
2015,5,110242,495625,285,7,943,0,1,0,0,1,1,0,0,1,1,0,0,1
2018,11,85383,327721,126,2,634,0,1,0,1,0,1,1,0,0,1,1,0,0
2015,8,44837,397299,173,6,670,1,1,1,0,1,0,0,0,1,1,1,0,0
2019,11,87151,161776,297,10,1001,0,0,1,0,0,0,0,1,1,1,1,1,0
2018,4,71824,411390,37,4,191,0,0,0,1,0,0,0,1,1,0,0,0,1
2022,1,68073,283996,342,3,937,1,1,0,0,0,1,0,1,0,1,0,1,0
2022,11,61299,307831,10,2,471,0,0,1,0,1,1,1,0,0,1,0,1,0
2021,7,93861,262803,197,6,615,0,1,1,0,1,1,0,0,0,1,1,0,0
2017,8,65063,208761,65,8,245,0,0,0,1,1,0,0,0,0,1,1,1,0
2015,3,104453,192226,44,6,265,1,0,1,0,0,0,1,0,0,1,0,0,1
2015,6,103472,407092,121,9,313,1,1,1,0,1,1,0,0,1,1,0,0,1
2017,2,49506,71341,295,5,674,1,0,1,0,0,1,0,0,1,0,1,0,0
2020,7,114854,409698,319,2,807,1,0,1,0,1,1,1,0,0,1,1,0,0
2021,8,61026,255753,45,8,201,1,0,0,1,1,1,0,0,1,0,0,0,1
2020,6,62672,419942,226,9,848,0,0,1,0,1,0,0,0,1,0,0,0,1
2020,6,73417,358474,89,10,447,1,1,0,0,1,1,0,0,1,1,1,0,0
2020,5,87413,299141,323,4,1051,0,1,0,1,0,1,0,0,0,1,0,0,1
2017,8,100066,399903,92,6,436,1,1,0,0,0,0,1,0,1,1,0,1,0
2020,1,94213,249488,74,10,197,1,0,1,0,1,0,0,1,0,1,1,0,0
2022,10,85971,306139,334,8,1021,0,1,1,0,1,0,1,0,1,1,0,0,1
2016,4,62281,398951,137,9,640,1,1,1,0,0,0,1,0,1,0,1,0,0
2019,4,63091,345457,316,5,1081,1,0,0,0,0,1,1,0,0,1,1,1,0
2015,3,85494,359044,31,6,100,1,1,0,0,1,1,0,0,1,0,1,0,0
2015,3,53610,128840,225,4,675,1,0,1,0,0,0,0,1,1,0,1,0,0
2019,4,36079,215767,116,5,351,1,1,1,0,0,1,0,1,1,1,1,1,0
2017,11,81751,211297,118,7,355,0,0,0,1,0,0,0,1,0,1,0,1,0
2018,1,90432,398216,381,9,1195,0,0,1,0,0,0,1,0,1,0,0,0,1
2017,11,65951,408511,366,10,811,0,1,0,0,0,0,0,1,1,1,1,1,0
2015,11,115863,99156,190,6,473,1,0,0,1,1,0,0,0,0,1,1,0,0
2015,2,113291,258281,365,6,1027,1,1,1,0,0,0,0,1,0,1,0,0,1
2019,9,94872,137453,173,8,505,0,1,1,0,1,1,1,0,1,0,1,1,0
2020,10,42235,208901,77,4,369,0,1,1,0,1,0,0,1,0,1,0,0,1
2017,2,117733,75938,301,3,782,1,1,1,0,1,1,0,0,1,0,0,0,1
2023,5,97712,109164,189,7,432,0,1,1,0,0,0,0,1,0,1,1,1,0
2019,9,56473,497746,190,5,773,0,0,1,0,0,1,0,0,1,1,0,0,1
2022,9,102567,249271,178,2,554,0,1,1,0,1,0,0,1,1,0,0,1,0
2015,8,114823,110282,31,2,398,1,1,0,0,1,0,0,1,1,0,1,1,0
2019,1,67230,359945,75,6,424,0,1,0,0,0,0,0,1,0,1,0,1,0
2017,1,119573,452681,30,8,67,0,1,1,0,1,0,0,1,0,1,1,0,0
2015,9,103876,315470,109,1,540,0,1,0,0,0,1,0,1,1,0,0,0,1
2018,11,75644,446875,393,6,887,1,0,1,0,0,0,0,1,0,1,1,0,0
2019,8,83664,208666,309,2,687,0,1,0,1,1,0,0,0,1,1,1,0,0
2021,10,80203,165819,112,2,514,0,0,1,0,0,0,1,0,0,1,0,0,1
2015,9,101677,316907,56,7,255,0,1,0,1,1,1,1,0,1,1,1,1,0
2017,7,60425,191900,48,10,302,1,0,1,0,1,0,1,0,1,1,0,0,1
2016,3,119817,359732,294,1,730,0,0,1,0,0,1,1,0,1,1,1,0,0
2023,3,104806,323365,319,6,847,1,1,1,0,1,0,0,1,1,1,1,0,0
2024,2,77814,454427,99,7,498,1,1,1,0,1,0,0,0,1,1,1,1,0
2020,5,105219,63569,94,8,176,0,1,0,0,1,1,0,0,0,1,0,0,1
2024,12,84646,277966,282,7,736,1,0,1,0,1,1,0,0,1,1,1,0,0
2017,12,74884,87860,345,6,836,0,1,0,0,0,1,1,0,0,1,0,1,0
2022,3,104322,252630,197,9,609,1,0,0,1,1,1,1,0,1,1,1,0,0
2022,6,56650,357481,168,3,753,0,1,1,0,1,0,0,1,1,0,1,0,0
2016,2,44190,495527,252,6,632,1,0,0,0,0,1,0,1,1,1,1,1,0
2020,12,73196,194587,82,4,531,1,0,0,1,0,1,1,0,1,0,0,1,0
2021,3,74449,121695,58,2,542,0,1,1,0,1,1,1,0,1,1,1,0,0
2016,5,74661,303078,110,1,529,0,0,1,0,1,0,0,1,1,1,1,0,0
2024,12,64709,292599,11,1,130,0,1,0,0,1,0,0,0,1,1,0,1,0
2016,11,115428,418893,253,10,533,0,0,1,0,0,0,1,0,1,0,0,0,1
2024,11,110179,205976,185,3,430,0,0,1,0,0,1,0,1,1,0,0,0,1
2015,1,44943,241007,247,4,647,0,1,1,0,1,0,1,0,1,1,1,0,0
2022,1,78240,355934,68,2,520,1,0,1,0,1,1,0,0,0,1,1,0,0
2015,10,80760,380724,362,1,961,0,1,1,0,0,1,0,0,1,1,0,0,1
2023,9,56042,55636,108,4,552,0,0,0,1,1,0,0,0,1,0,1,1,0
2020,7,78894,311578,368,7,1150,1,1,1,0,1,1,0,0,1,1,0,1,0
2021,1,41869,389273,11,10,361,1,1,1,0,0,0,0,1,1,0,0,1,0
2024,12,96078,446108,252,6,630,1,0,0,1,0,1,0,0,1,0,1,1,0
2021,8,91759,333816,306,6,876,1,1,1,0,1,1,0,0,1,0,1,1,0
2024,3,79306,317956,220,9,525,0,1,1,0,1,1,1,0,1,1,1,1,0
2017,8,90371,277693,132,2,718,1,1,0,0,0,1,0,1,1,0,1,1,0
2016,5,55918,50654,238,4,680,0,1,0,0,1,1,0,0,1,0,1,1,0
2023,1,63379,104633,91,5,466,0,1,1,0,1,0,1,0,1,1,1,1,0
2022,7,118232,67143,153,1,497,0,1,1,0,0,0,1,0,1,0,0,1,0
2024,5,37962,105934,397,8,893,1,0,0,0,1,1,1,0,1,1,1,1,0
2021,6,48851,379478,149,8,347,0,1,0,0,1,0,0,0,1,0,0,0,1
2023,6,80747,153463,38,6,158,0,0,0,1,1,0,0,0,0,1,1,1,0
2018,8,87349,175851,279,5,701,1,1,1,0,1,0,0,0,0,1,1,1,0
2018,9,105832,79087,256,8,657,0,1,0,0,1,0,0,0,1,0,0,1,0
2015,2,91356,192690,21,3,306,1,1,1,0,0,0,1,0,0,1,0,1,0
2022,9,49745,320590,364,3,958,1,0,0,1,1,1,0,0,1,1,1,1,0
2017,12,40730,414271,398,2,1096,0,1,0,0,1,0,0,1,0,1,0,1,0
2021,11,48921,361011,346,5,1086,1,1,1,0,1,1,0,0,1,0,1,0,0
2016,10,106138,494244,115,3,647,0,0,0,1,0,0,0,1,1,0,0,1,0
2016,9,118111,372245,41,3,290,0,1,0,1,0,1,0,1,1,1,0,1,0
2021,10,54023,208272,83,6,475,0,0,1,0,0,1,0,0,1,0,0,1,0
2020,10,80349,276179,180,8,521,0,0,1,0,1,0,0,1,1,1,0,1,0
2017,7,116533,400218,346,2,1019,0,0,0,1,1,0,0,1,0,1,0,0,1
2023,1,118286,242537,78,4,421,1,0,0,0,1,1,0,0,0,1,0,0,1
2024,7,76979,267508,310,7,630,0,1,0,1,1,0,0,1,1,1,0,0,1
2020,10,57837,168422,371,1,811,1,0,0,1,0,1,1,0,1,1,1,1,0
2024,5,49997,400036,146,1,465,0,0,0,1,0,1,1,0,1,0,1,1,0
2024,6,80039,269631,109,10,542,0,0,1,0,0,0,0,1,0,1,1,0,0
2020,10,55923,432188,155,7,395,0,0,1,0,0,1,0,0,1,1,0,0,1
2015,7,43876,89148,18,7,467,0,0,1,0,1,0,1,0,0,1,1,1,0
2018,5,95973,395072,71,1,536,1,0,1,0,0,0,1,0,1,1,0,1,0
2024,7,37887,201770,194,1,571,0,0,0,1,1,1,0,0,0,1,0,1,0
2020,9,98723,485686,38,4,206,0,1,1,0,0,0,1,0,1,0,0,0,1
2020,3,77422,363804,390,5,1135,1,0,0,1,1,0,1,0,0,1,1,0,0
2019,8,86413,497126,123,5,453,0,0,1,0,1,1,0,0,0,1,1,0,0
2015,2,37841,347594,152,4,517,1,1,1,0,1,1,0,0,0,1,0,1,0
2022,11,63756,237535,399,8,1137,0,0,0,1,0,1,0,0,0,1,1,0,0
2019,7,106576,345901,129,7,539,1,0,1,0,0,0,1,0,0,1,0,0,1
2019,2,45304,128012,179,9,613,0,0,0,1,0,1,1,0,1,0,0,1,0
2021,4,65341,418894,166,7,730,1,0,0,1,1,0,0,0,1,1,1,1,0
2018,7,39758,439187,344,10,934,1,0,1,0,0,0,1,0,0,1,1,1,0
2020,3,52010,474606,358,1,980,1,0,0,1,0,1,0,1,1,0,1,0,0
2018,2,95758,106116,269,7,725,0,0,0,1,0,1,0,1,0,1,0,1,0
2017,11,66658,194233,91,1,499,0,1,1,0,1,1,0,0,0,1,0,1,0
2021,10,84002,82152,251,7,662,1,0,0,1,1,0,0,0,1,1,1,1,0
2022,7,36375,156379,181,10,608,1,0,1,0,1,1,1,0,0,1,0,1,0
2018,1,57092,276905,240,8,719,1,0,1,0,1,0,1,0,1,0,0,1,0
2016,8,35490,70836,217,9,450,1,0,0,1,0,0,0,1,1,0,0,1,0
2024,3,38729,271439,84,3,257,1,1,0,0,1,0,0,0,1,1,1,0,0
2017,12,40974,236720,279,4,699,0,0,0,1,0,0,0,1,0,1,0,1,0
2015,12,118860,207403,396,4,1078,1,1,0,0,0,0,1,0,1,0,0,0,1
2022,2,56398,191835,123,9,246,1,0,0,0,0,0,1,0,0,1,1,0,0
2017,3,69650,381588,71,7,197,0,0,0,1,0,0,0,1,0,1,0,1,0
2024,5,56292,143109,371,3,931,1,0,0,1,1,0,1,0,0,1,0,1,0
2021,11,38159,200259,329,10,1013,0,1,0,1,1,0,0,0,1,1,0,0,1
2024,8,97766,193029,111,5,499,1,0,0,1,1,1,1,0,0,1,1,0,0
2019,10,52065,447595,371,7,977,1,1,0,0,1,1,0,0,1,0,1,1,0
2024,7,56638,471175,219,8,790,0,1,1,0,0,1,0,0,0,1,1,1,0
2019,7,36073,132018,264,1,880,1,0,0,1,0,0,1,0,1,0,1,0,0
2021,12,81511,173076,29,2,346,1,0,0,1,0,1,0,1,0,1,0,1,0
2023,7,119307,208177,67,7,353,0,1,1,0,1,0,1,0,1,0,0,1,0
2019,8,64320,444093,121,2,620,1,0,0,1,0,1,0,0,1,0,1,1,0
2015,1,104876,229425,322,7,675,0,0,1,0,1,1,1,0,0,1,1,1,0
2024,4,69924,395932,205,9,667,0,1,0,1,1,0,0,1,0,1,1,1,0
2024,6,116720,409014,384,2,868,1,1,1,0,1,1,0,0,1,0,0,0,1
2015,9,75734,265657,362,7,836,0,1,0,1,0,0,1,0,1,1,1,1,0
2016,2,103116,395452,101,4,231,1,0,0,1,1,1,0,0,0,1,0,0,1
2020,1,75025,494783,61,2,567,0,0,1,0,0,1,0,0,1,1,1,0,0
2023,10,37159,370057,302,7,1016,0,0,0,1,1,1,0,0,0,1,0,1,0
2022,12,83940,52637,17,5,386,1,0,0,1,1,0,0,1,0,1,1,1,0
2019,2,114436,354169,309,1,730,1,1,0,0,0,1,0,0,0,1,0,1,0
2015,7,111976,287989,107,5,552,0,0,1,0,0,0,1,0,0,1,0,1,0
2021,3,49678,282259,245,3,875,0,1,1,0,1,0,0,0,1,1,1,1,0
2019,10,96075,411652,398,7,1083,0,0,1,0,0,1,0,1,0,1,1,1,0
2020,2,82204,132464,383,6,978,0,1,1,0,0,1,0,0,1,0,1,0,0
2021,11,47021,340886,78,8,248,1,0,0,0,0,1,1,0,1,0,0,0,1
2017,7,41772,61831,54,5,351,1,1,1,0,1,0,0,1,1,1,0,0,1
2024,2,102163,163768,146,2,556,0,1,0,0,0,1,0,0,0,1,0,1,0
2017,3,108755,296983,243,9,578,0,0,1,0,0,1,0,0,1,0,1,1,0
2019,11,58464,397236,41,8,147,1,0,1,0,0,1,1,0,1,1,1,0,0
2020,7,86137,403023,298,6,886,1,1,0,0,0,0,1,0,0,1,1,0,0
2023,4,65232,400514,135,10,319,1,0,0,1,0,1,0,0,1,0,1,0,0
2019,1,96497,438681,76,7,369,1,1,0,0,0,1,0,1,1,0,1,0,0
2015,5,109024,489978,39,9,493,0,1,0,1,1,1,0,0,1,1,1,0,0
2018,12,86448,154824,123,7,581,0,1,0,0,0,0,1,0,0,1,0,0,1
2019,9,119517,138741,213,3,517,0,1,0,1,0,1,0,1,0,1,0,0,1
2024,8,35901,68830,38,6,207,1,0,0,0,0,0,1,0,1,0,0,0,1
2024,12,118597,367188,140,7,281,0,1,0,0,0,1,0,1,1,0,1,1,0
2019,9,37881,386092,194,2,775,0,1,0,0,1,0,0,1,1,0,0,1,0
2021,10,64863,119202,262,3,724,0,1,0,1,0,1,0,1,0,1,1,0,0
2018,9,40622,349189,295,4,664,0,1,1,0,0,0,0,1,1,1,1,1,0
2015,7,36378,267394,395,10,953,0,1,0,1,0,1,0,1,1,1,1,0,0
2019,4,118168,252123,71,6,187,1,1,0,0,1,0,0,0,0,1,0,0,1
2021,5,106186,419653,12,1,305,0,1,1,0,1,0,0,0,1,1,1,1,0
2024,1,80201,207699,77,9,525,1,1,0,0,1,0,1,0,1,0,0,0,1
2024,1,94251,327342,34,5,451,1,0,0,0,0,0,0,1,1,1,1,0,0
2020,3,107572,381665,188,7,813,1,0,0,1,0,0,0,1,1,1,1,0,0
2019,8,74255,156471,150,9,552,0,0,0,1,1,1,0,0,1,1,0,1,0
2018,2,98212,341619,240,9,911,0,1,1,0,0,0,0,1,1,0,1,0,0
2016,4,85210,286824,309,1,865,1,0,0,0,1,1,0,0,0,1,0,0,1
2018,2,57499,69403,172,1,765,1,0,1,0,1,0,1,0,1,0,1,0,0
2024,5,86628,53681,320,3,638,1,0,0,0,1,0,1,0,0,1,0,1,0
2024,9,96360,403699,139,6,313,0,1,0,1,1,0,0,1,0,1,0,1,0
2017,1,39603,431028,255,2,778,0,1,0,1,1,0,0,0,0,1,0,0,1
2024,5,47632,405266,306,10,947,0,0,0,1,0,1,0,1,1,1,1,1,0
2015,9,65607,165260,181,1,588,1,0,0,0,0,1,0,1,1,1,1,0,0
2022,1,100756,223364,73,1,517,1,1,1,0,0,1,1,0,0,1,0,1,0
2019,9,81994,155386,40,5,192,1,0,0,1,0,1,1,0,0,1,1,0,0
2018,8,98382,283378,56,4,400,0,1,0,1,1,1,1,0,1,1,1,0,0
2022,4,105354,448845,139,1,469,0,0,0,1,0,0,1,0,1,0,1,1,0
2021,12,91344,143246,361,4,884,1,0,0,1,1,0,0,1,0,1,0,1,0
2016,11,88775,145864,342,3,910,1,0,0,0,1,1,1,0,1,0,1,0,0
2015,10,42349,258886,119,2,372,1,0,0,0,1,1,1,0,1,1,0,1,0
2018,5,106154,320561,78,9,305,0,1,0,0,0,1,0,0,0,1,0,0,1
2022,5,62464,431032,67,1,636,0,0,0,1,0,1,0,0,1,0,0,0,1
2016,11,77624,215837,115,7,433,0,1,0,1,1,1,1,0,1,0,1,0,0
2017,12,72344,386643,309,4,931,1,1,1,0,0,0,0,1,1,0,0,1,0
2015,6,118791,443052,339,5,751,1,0,0,0,0,0,1,0,1,1,1,0,0
2015,7,59299,295160,265,10,904,1,1,1,0,1,0,0,1,1,1,0,1,0
2017,8,82975,237646,321,5,652,1,0,0,0,1,1,1,0,1,0,0,1,0
2019,8,36462,309278,180,1,573,0,1,0,1,0,1,0,1,1,0,1,1,0
2017,11,116441,339819,392,6,1027,1,0,0,1,0,0,1,0,1,1,1,1,0
2015,2,116788,306681,171,9,575,0,0,1,0,0,1,0,0,1,0,1,1,0
2015,9,75581,221635,295,2,848,1,0,0,1,0,1,0,1,1,0,1,0,0
2022,7,106289,61332,80,7,432,1,0,0,0,0,1,0,0,1,1,1,1,0
2024,4,49175,304817,264,6,918,1,1,0,0,0,1,0,0,1,0,1,1,0
2016,4,41191,331321,383,5,1197,0,0,1,0,0,0,1,0,1,0,0,0,1
2017,11,118434,442704,64,4,216,0,0,1,0,0,1,0,0,1,0,0,1,0
2016,8,119518,270326,332,4,847,1,1,1,0,1,0,1,0,1,1,0,1,0
2017,4,115158,249519,12,6,72,0,0,0,1,1,0,0,0,1,0,1,1,0
2021,6,101537,311849,35,4,416,1,1,1,0,1,0,1,0,1,1,0,1,0
2015,5,82645,369248,322,5,827,1,1,1,0,1,0,0,0,1,1,0,0,1
2024,3,58283,396479,135,6,355,1,1,0,0,0,1,1,0,0,1,0,0,1
2022,10,94123,427082,62,5,254,1,0,0,1,0,1,1,0,0,1,1,1,0
2024,11,65024,130730,207,7,626,1,0,0,1,0,1,0,0,1,0,0,0,1
2024,2,84630,448167,308,9,862,1,0,1,0,1,0,0,1,1,1,0,1,0
2024,9,65734,287474,197,10,409,1,0,0,0,1,0,0,1,0,1,1,0,0
2016,10,35515,340477,195,7,561,1,1,0,0,1,0,0,0,1,0,0,1,0
2017,9,101727,333817,314,7,889,1,0,1,0,0,1,0,1,0,1,1,0,0
2023,1,81216,426565,307,4,784,0,1,0,1,0,0,1,0,0,1,1,1,0
2021,10,106833,90870,213,1,495,1,0,0,0,0,1,0,0,1,1,1,0,0
2018,3,93755,303017,20,8,417,1,0,0,0,0,0,1,0,1,1,0,0,1
2024,8,62856,177536,368,4,869,0,1,0,0,1,0,1,0,0,1,0,1,0
2019,6,108870,383245,363,1,951,0,1,0,0,1,0,0,1,0,1,1,0,0
2016,5,59162,334965,155,5,542,0,1,1,0,0,0,0,1,1,1,0,1,0
2022,5,41008,75494,94,8,398,0,1,1,0,1,0,1,0,1,0,1,1,0
2018,6,42987,149477,109,4,296,1,1,1,0,1,0,1,0,1,1,1,1,0
2023,7,97532,438227,113,8,517,0,1,0,1,1,0,0,0,0,1,0,0,1
2019,1,38332,255232,55,8,418,0,0,1,0,1,1,0,0,1,0,1,1,0
2023,9,101323,424842,53,3,306,0,0,1,0,1,0,1,0,0,1,1,0,0
2018,3,73990,423704,287,9,930,0,1,0,0,0,1,0,0,1,0,1,1,0
2024,4,44873,444051,190,3,805,0,1,0,0,1,1,1,0,0,1,0,0,1
2019,10,117542,330790,196,1,538,0,1,0,0,1,1,1,0,1,0,0,1,0
2023,1,71444,173777,123,2,697,1,1,0,0,0,1,0,0,1,0,0,1,0
2022,11,70340,127360,264,6,902,0,0,0,1,1,1,0,0,0,1,1,1,0
2017,10,40033,349479,390,10,1118,0,1,1,0,1,1,0,0,1,0,1,0,0
2015,3,108324,381495,389,2,1242,1,1,0,0,1,0,0,0,1,1,0,0,1
2017,2,50689,427078,39,6,406,1,0,0,1,1,0,0,1,0,1,1,0,0
2018,2,35066,183501,273,1,878,0,0,1,0,0,0,1,0,1,1,0,0,1
2016,1,80246,354094,107,1,479,1,0,0,0,1,1,0,0,0,1,1,1,0
2015,8,42533,110654,322,5,721,0,1,1,0,0,0,0,1,1,0,0,0,1
2021,3,115639,419566,376,10,1161,1,0,1,0,1,0,0,0,1,0,0,0,1
2022,3,105152,422078,338,9,717,1,0,0,1,0,1,1,0,1,0,1,1,0
2021,6,94658,169975,124,8,428,0,1,1,0,0,1,0,1,0,1,1,0,0
2019,8,73498,249215,285,3,929,1,1,0,0,0,1,1,0,1,1,1,1,0
2015,9,46772,403330,290,3,1044,0,1,0,1,1,0,0,0,1,1,0,0,1
2021,9,84036,416378,284,1,1016,1,0,0,0,1,0,1,0,0,1,1,1,0
2021,4,93531,152326,270,3,602,0,1,1,0,0,0,1,0,0,1,0,0,1
2023,5,47940,127527,340,1,1109,0,0,0,1,0,1,0,1,1,1,1,1,0
2017,2,51932,398848,216,8,711,0,1,0,0,0,1,1,0,1,1,0,1,0
2023,11,91827,474315,393,1,896,0,1,0,0,0,1,0,1,1,1,0,1,0
2015,9,96431,482601,337,5,937,1,0,0,0,0,0,0,1,1,1,1,1,0
2015,8,59648,216991,220,9,724,1,1,0,0,0,0,0,1,0,1,1,0,0
2018,3,67966,146952,224,7,480,0,1,0,0,0,0,0,1,0,1,0,0,1
2023,11,62777,372926,49,4,157,0,1,1,0,1,0,0,0,1,0,0,1,0
2020,12,67567,383260,35,9,488,1,0,1,0,0,0,1,0,1,1,1,0,0
2017,9,52174,401770,36,9,149,0,0,1,0,1,0,0,0,1,0,0,0,1
2015,3,77598,483603,199,2,863,0,0,1,0,1,1,1,0,0,1,0,1,0
2018,9,94199,196895,92,10,512,1,0,0,1,1,0,1,0,0,1,0,1,0
2023,2,48798,96015,393,10,1153,1,1,1,0,1,0,1,0,1,0,1,1,0
2017,12,100364,152877,179,6,639,0,1,0,1,0,0,0,1,1,1,0,0,1
2023,10,52558,327483,176,4,545,1,0,0,0,1,1,1,0,1,1,1,0,0
2021,9,96084,184563,197,8,430,1,0,0,1,1,1,0,0,1,1,1,0,0
2018,8,79237,443922,178,7,807,1,1,1,0,1,1,0,0,1,1,1,0,0
2017,9,100497,147493,298,7,622,1,1,0,0,0,0,0,1,1,0,0,0,1
2024,5,35178,196800,238,10,805,0,0,0,1,0,1,1,0,1,0,1,0,0
2019,11,52118,450213,106,9,667,0,0,0,1,1,0,0,0,0,1,1,0,0
2019,11,57616,241480,376,5,1202,0,1,0,1,0,0,0,1,1,1,1,0,0
2017,2,35798,441670,25,6,151,0,1,0,0,1,0,0,1,1,1,1,1,0
2023,8,42601,481739,288,1,711,0,1,1,0,0,1,0,1,1,1,1,1,0
2018,12,60363,171648,144,6,561,1,0,0,1,1,0,1,0,1,0,0,0,1
2019,6,37795,337307,35,2,192,1,0,0,1,1,1,0,0,1,1,0,0,1
2018,8,80264,198790,361,6,936,1,0,0,0,0,1,0,0,1,0,1,0,0
2019,11,107833,137508,21,9,395,1,0,0,0,1,1,0,0,1,1,1,1,0
2021,5,38084,264839,81,8,267,0,0,0,1,1,0,1,0,1,1,0,1,0
2023,10,111646,351763,142,9,716,0,0,0,1,0,1,0,1,0,1,0,1,0
2021,2,35731,324270,115,10,524,1,0,1,0,1,0,1,0,1,1,1,0,0
2019,6,36129,114926,229,8,717,1,0,1,0,0,1,0,0,1,1,1,0,0
2024,5,63022,90633,382,3,935,0,1,0,0,0,0,0,1,0,1,1,1,0
2024,12,36605,258726,186,8,622,1,0,1,0,1,1,1,0,1,0,1,1,0
2021,12,112506,53317,291,6,681,0,1,1,0,0,1,0,0,1,0,1,1,0
2024,5,79130,357124,142,6,348,0,1,1,0,1,0,1,0,1,1,0,0,1
2019,1,64265,356259,31,6,231,1,0,0,1,1,0,1,0,1,0,0,0,1
2017,2,67330,242718,278,3,896,0,0,1,0,1,0,0,1,1,1,1,0,0
2021,8,103469,355302,170,10,735,0,1,1,0,1,0,0,1,0,1,0,0,1
2016,3,50187,237035,116,1,708,1,1,1,0,0,0,1,0,0,1,1,1,0
2023,10,60791,490847,288,4,625,0,0,0,1,1,0,0,1,1,1,1,1,0
2024,3,105610,230388,362,10,1022,1,0,0,0,1,0,0,0,0,1,0,0,1
2024,8,74867,417508,244,6,951,1,0,1,0,1,1,1,0,0,1,0,1,0
2015,8,35893,327648,27,10,212,1,0,0,1,0,1,0,1,1,1,1,0,0
2020,2,54773,249665,251,2,982,0,1,0,1,0,1,0,0,1,1,0,1,0
2021,8,39239,469876,126,7,659,1,0,0,0,1,0,1,0,0,1,1,0,0
2022,11,55863,349340,295,7,1031,1,1,1,0,0,0,1,0,1,0,0,1,0
2024,1,86415,378082,291,4,666,1,0,1,0,0,0,1,0,1,0,0,0,1
2023,6,103968,451821,153,4,601,1,1,1,0,0,1,0,1,1,1,1,0,0
2016,8,95430,369532,214,1,510,0,0,0,1,1,1,1,0,1,1,1,0,0
2024,3,36515,262369,48,2,474,0,0,0,1,0,1,0,0,1,0,1,0,0
2016,8,49605,105501,163,9,759,0,1,0,0,1,1,0,0,0,1,1,1,0
2019,12,91240,234381,185,10,750,1,0,0,1,1,0,0,1,1,0,1,1,0
2019,1,40586,77043,250,8,930,1,0,0,0,0,0,0,1,1,0,0,1,0
2020,11,66186,83635,395,8,905,1,1,0,0,0,0,1,0,1,0,0,0,1
2017,11,61928,260387,378,9,798,1,1,0,0,1,0,0,1,1,0,1,1,0
2022,9,118087,130691,143,7,311,1,0,0,0,1,0,0,1,1,1,1,0,0
2015,11,55711,345276,55,9,170,0,1,0,1,1,0,0,0,1,1,1,1,0
2020,9,89962,327510,59,10,282,1,0,0,1,1,1,1,0,0,1,0,0,1
2018,5,55039,143944,175,2,668,1,1,1,0,0,0,0,1,0,1,1,1,0
2015,10,71561,253179,115,6,284,0,1,0,1,1,1,0,0,0,1,1,0,0
2021,4,110483,427411,225,3,641,0,0,1,0,1,0,1,0,0,1,0,1,0
2023,11,116395,89236,155,6,550,1,0,0,0,1,0,0,0,1,0,1,0,0
2018,6,36577,316294,81,3,626,1,1,1,0,1,0,0,1,1,1,0,0,1
2018,12,63350,423513,339,8,1033,1,1,0,0,1,0,0,1,1,1,0,1,0
2020,7,68798,331567,282,4,730,0,1,1,0,0,1,1,0,0,1,1,1,0
2017,5,116417,54137,256,10,705,0,1,0,0,0,0,0,1,0,1,1,1,0
2020,11,45785,79992,195,6,542,1,1,0,0,0,0,0,1,1,0,1,1,0
2021,10,107227,422684,79,9,380,1,0,0,1,0,1,1,0,1,0,0,1,0
2024,9,96957,165140,159,2,605,0,0,0,1,0,0,0,1,0,1,1,0,0
2024,3,100431,225993,255,2,646,0,1,1,0,1,0,0,1,1,1,0,1,0
2017,7,52297,171225,271,7,738,0,1,0,0,0,0,1,0,1,1,0,1,0
2021,10,106894,379061,35,2,467,0,1,0,0,0,1,0,0,1,1,0,0,1
2017,10,98772,385834,149,2,406,0,0,1,0,1,0,0,1,0,1,0,1,0
2016,11,54581,346379,108,4,346,0,0,1,0,1,0,0,0,1,1,1,1,0
2024,5,90192,260047,287,9,784,1,0,1,0,1,1,1,0,1,0,1,0,0
2018,7,36462,69122,60,8,182,1,1,0,0,0,1,1,0,1,0,1,0,0
2022,2,99173,336100,160,2,431,1,1,0,0,1,1,0,0,0,1,1,0,0
2023,4,50511,113879,113,8,309,1,1,0,0,1,0,1,0,1,0,1,1,0
2021,2,111106,108560,98,4,381,1,0,1,0,1,1,0,0,0,1,1,1,0
2015,12,83665,422454,150,2,553,0,1,0,1,1,0,0,1,1,1,1,1,0
2017,7,79414,249757,222,10,632,0,1,0,0,1,0,0,0,1,1,1,1,0
2023,2,116010,467876,242,7,887,0,1,1,0,1,0,0,1,1,1,1,1,0
2015,11,107573,287268,192,6,759,1,0,0,1,1,1,1,0,1,0,0,1,0
2023,1,48386,313312,260,10,615,0,1,0,0,0,0,1,0,0,1,1,1,0
2022,9,89460,357268,18,5,111,0,0,1,0,1,0,1,0,1,1,1,1,0
2015,1,41221,216969,88,1,492,1,1,1,0,1,1,1,0,0,1,1,1,0
2020,8,58474,196104,61,2,245,0,0,0,1,0,1,1,0,1,1,1,1,0
2019,2,56045,364941,395,8,1114,1,0,1,0,0,1,1,0,1,0,1,0,0
2020,12,39922,347438,278,1,641,1,0,0,0,1,0,0,1,1,0,1,1,0
2024,8,57706,487043,235,3,737,1,1,1,0,1,0,0,0,0,1,0,1,0
2019,3,77771,315660,60,2,225,1,0,0,1,1,1,1,0,1,0,0,1,0
2020,6,87335,200823,195,5,451,1,1,0,0,0,1,0,1,1,0,0,1,0
2019,3,87949,80373,43,4,265,0,0,1,0,1,0,0,0,0,1,0,0,1
2019,7,105714,172026,300,7,609,0,0,1,0,0,0,1,0,1,1,1,0,0
2018,10,50240,80270,239,5,703,0,0,1,0,0,1,1,0,1,0,1,1,0
2017,9,37716,453602,140,8,327,1,1,0,0,1,0,0,1,0,1,0,0,1
2017,2,51574,282931,129,4,591,1,0,0,0,0,0,0,1,1,0,1,1,0
2018,12,118255,245889,335,6,1069,1,0,1,0,0,1,1,0,1,0,0,0,1
2023,12,108717,115184,256,4,530,1,1,1,0,1,0,1,0,1,0,0,0,1
2016,5,79066,260765,201,2,587,1,1,0,0,0,1,0,0,1,0,0,1,0
2023,6,96826,87879,332,1,905,1,0,0,1,0,0,0,1,0,1,0,1,0
2015,4,55213,361741,219,1,717,1,0,1,0,1,0,0,1,0,1,0,0,1
2015,4,106916,482348,112,8,408,1,0,0,1,0,1,0,1,0,1,0,1,0
2019,4,101151,53626,338,4,976,1,0,1,0,0,0,0,1,1,0,0,0,1
2020,2,85906,135936,381,5,802,1,0,0,0,1,0,1,0,1,0,1,0,0
2020,4,35463,284873,142,8,644,0,0,0,1,1,0,0,0,1,0,0,1,0
2017,11,66973,131515,332,7,737,1,0,0,1,0,1,0,1,0,1,0,1,0
2021,1,109694,258137,148,8,410,1,1,0,0,0,1,1,0,1,0,0,1,0
2023,12,55651,105390,130,8,511,1,0,1,0,0,1,0,1,1,1,1,0,0
2024,6,103694,459861,103,6,527,0,0,1,0,1,1,1,0,1,0,0,0,1
2022,1,55008,273032,138,10,521,0,1,0,0,1,0,1,0,1,1,1,1,0
2020,10,105474,104144,100,2,355,0,0,1,0,0,0,0,1,1,0,0,1,0
2022,6,73185,194454,101,6,406,0,1,0,1,1,1,1,0,0,1,0,0,1
2019,1,109417,54025,72,1,250,0,0,0,1,0,1,0,1,1,0,1,0,0
2022,6,106139,486442,38,1,407,0,0,0,1,1,1,1,0,1,1,1,1,0
2024,10,69980,391524,219,3,914,0,0,1,0,1,1,0,0,1,1,0,1,0
2018,8,57504,304043,21,3,387,1,1,1,0,1,0,1,0,1,0,1,0,0
2024,11,89970,168910,342,5,798,1,0,0,0,0,0,1,0,1,1,1,0,0
2022,2,51766,146055,306,1,1027,1,0,0,1,1,0,0,0,1,1,1,1,0
2024,2,46695,438333,139,10,314,1,1,0,0,0,1,0,1,0,1,0,0,1
2016,12,52796,255782,302,6,953,0,0,0,1,1,0,1,0,1,0,0,1,0
2019,4,77543,446659,182,7,797,0,0,1,0,0,0,1,0,1,0,0,1,0
2023,11,49559,333539,217,10,668,0,0,1,0,0,0,1,0,1,0,0,0,1
2018,3,68139,322869,33,3,459,1,0,0,0,1,0,0,1,1,1,0,0,1
2020,4,43802,83461,108,4,637,1,0,0,0,1,1,1,0,1,0,0,0,1
2015,12,108843,308072,365,10,822,0,1,1,0,0,0,1,0,1,0,1,1,0
2023,7,75205,91115,148,10,309,0,1,1,0,1,1,0,0,0,1,1,1,0
2015,11,69159,160084,323,10,994,1,1,1,0,1,0,1,0,0,1,0,1,0
2019,1,46516,395876,183,10,496,1,1,1,0,0,1,0,0,0,1,1,1,0
2018,6,85492,391701,38,10,354,0,1,0,1,0,1,0,0,1,1,1,0,0
2017,3,64086,383404,152,3,381,1,1,1,0,0,1,0,1,1,0,0,1,0
2020,11,65480,209762,325,1,984,1,0,1,0,0,1,1,0,0,1,1,1,0
2016,10,87091,313551,360,8,829,1,0,0,0,1,1,1,0,0,1,0,0,1
2017,7,82766,123568,51,10,106,1,1,0,0,0,1,1,0,0,1,1,0,0
2019,10,73737,108560,308,10,720,1,0,1,0,0,0,1,0,1,0,0,0,1
2023,2,44265,490556,217,2,835,1,0,0,1,1,0,1,0,1,0,0,1,0
2016,2,105990,198866,339,1,1024,0,0,1,0,0,1,0,1,1,0,0,0,1
2024,4,50386,200953,201,8,815,1,1,1,0,0,0,0,1,1,1,1,1,0
2022,1,72425,267364,169,7,719,0,0,1,0,0,0,1,0,1,1,1,1,0
2016,3,78254,286770,73,7,377,0,0,0,1,1,1,1,0,0,1,0,1,0
2019,9,88634,276024,252,4,663,0,1,0,1,0,1,0,0,1,0,0,0,1
2021,7,82662,230775,267,9,641,0,0,0,1,1,0,0,1,0,1,0,1,0
2022,7,110452,487570,161,6,415,0,1,0,1,1,0,1,0,1,0,0,0,1
2015,11,45143,141288,224,2,651,0,1,1,0,1,0,0,0,1,0,1,0,0
2020,4,50581,431164,331,1,877,0,0,1,0,0,1,1,0,1,0,1,1,0
2015,2,102443,411445,175,1,533,0,1,0,1,0,1,0,1,1,1,0,1,0
2016,4,64424,299836,40,9,456,0,1,0,0,0,1,1,0,1,1,1,0,0
2015,6,76984,64390,380,4,814,1,0,1,0,1,0,1,0,1,0,1,0,0
2019,11,76505,268547,241,5,557,0,1,0,1,0,1,1,0,0,1,0,1,0
2024,11,97699,77307,291,3,730,0,1,0,1,1,0,1,0,1,0,0,1,0
2023,3,61957,277436,38,4,550,1,0,1,0,0,1,1,0,1,0,1,0,0
2020,1,60464,275121,204,8,842,0,0,1,0,1,1,0,0,0,1,0,0,1
2015,12,58649,301063,343,4,1071,0,0,1,0,0,0,0,1,1,0,1,0,0
2015,8,77065,74502,265,9,929,1,0,1,0,0,0,1,0,0,1,0,1,0
2016,12,69758,72486,290,9,977,0,0,0,1,0,0,1,0,1,1,1,0,0
2023,5,40596,423957,313,6,989,0,1,0,0,1,1,1,0,1,1,0,0,1
2017,5,51374,219330,330,2,1096,1,1,0,0,1,0,0,0,0,1,1,1,0
2015,11,38775,238788,332,10,835,1,0,0,1,1,0,0,0,1,1,1,1,0
2019,4,62388,278300,355,7,886,0,1,0,0,1,1,1,0,1,1,1,0,0
2021,6,56029,153920,303,9,682,0,0,1,0,1,0,0,1,0,1,0,0,1
2020,3,118981,262566,96,6,622,1,1,0,0,0,0,1,0,1,1,1,1,0
2015,9,88639,394912,158,3,482,0,1,1,0,1,0,0,1,1,0,1,0,0
2019,5,49645,453964,258,7,739,1,1,1,0,1,0,1,0,1,0,1,0,0
2019,3,66105,112785,330,5,1062,0,1,0,1,1,0,1,0,0,1,0,0,1
2020,11,48668,126050,292,1,995,1,0,1,0,0,1,0,0,1,1,0,1,0
2017,1,50960,72738,371,3,759,1,0,1,0,0,1,1,0,1,0,1,0,0
2019,10,46357,124231,388,5,895,0,1,0,1,1,0,0,0,1,0,0,1,0
2021,12,99604,123606,207,7,754,1,1,1,0,0,1,0,0,1,1,0,1,0
2019,6,86796,353806,53,3,203,1,0,0,1,0,0,0,1,1,1,1,1,0
2019,2,50804,430457,365,6,1193,1,1,1,0,1,1,1,0,1,0,0,1,0
2019,3,49626,277369,37,5,226,1,1,0,0,1,1,1,0,1,0,0,0,1
2024,1,63132,327267,26,1,267,1,1,1,0,1,0,1,0,0,1,1,1,0
2024,9,42951,206688,136,10,475,1,1,0,0,0,0,1,0,0,1,1,1,0
2017,8,41449,323326,388,6,1119,1,1,1,0,1,0,0,1,1,0,1,1,0
2015,12,54065,402513,177,8,713,1,0,0,1,1,0,0,0,0,1,1,0,0
2019,2,44130,212403,253,1,744,1,0,0,1,0,1,0,0,1,0,1,0,0
2023,12,97287,227170,396,2,963,0,0,1,0,1,0,0,1,1,0,0,1,0
2015,11,86702,76128,85,4,304,0,1,0,1,0,1,0,0,0,1,1,1,0
2017,8,71993,81556,240,2,766,1,0,0,1,0,1,1,0,0,1,1,1,0
2018,12,66875,308470,213,9,434,1,1,0,0,0,0,0,1,1,1,0,0,1
2015,9,41054,202948,257,10,905,1,0,0,1,0,0,0,1,1,1,0,1,0
2015,1,83517,190021,311,8,662,0,0,1,0,1,0,0,1,1,1,0,0,1
2022,5,111368,101962,223,8,513,1,0,1,0,1,0,0,1,1,0,0,1,0
2016,8,64670,140054,224,4,800,1,1,0,0,1,0,0,1,0,1,0,1,0
2022,11,84112,252278,167,5,679,0,0,1,0,0,1,0,0,1,0,1,0,0
2021,2,63307,74099,78,4,221,0,0,0,1,0,1,1,0,0,1,1,0,0
2024,4,102087,285943,94,9,256,0,0,0,1,1,1,0,0,1,0,0,0,1
2024,7,82922,455932,276,2,853,0,1,1,0,1,0,0,1,1,1,0,1,0
2016,3,98080,233683,78,8,317,1,1,1,0,0,0,1,0,1,1,1,1,0
2020,12,114335,219957,108,2,461,0,1,0,1,1,0,0,0,1,1,1,0,0
2020,5,61312,365288,356,1,964,1,0,0,0,1,0,0,0,1,0,1,1,0
2017,8,101985,246292,225,10,453,0,1,0,0,0,1,0,0,0,1,0,0,1
2016,12,92608,57837,170,3,622,0,0,1,0,1,0,0,1,0,1,1,0,0
2015,10,75277,230427,103,9,275,1,0,1,0,1,0,1,0,1,1,1,0,0
2020,3,66551,228371,183,3,400,0,1,0,0,1,1,1,0,1,1,0,1,0
2019,4,91597,462375,174,9,769,1,0,1,0,1,1,0,0,1,1,0,0,1
2023,9,80212,437356,124,7,519,0,1,0,0,0,0,1,0,1,1,0,1,0
2015,7,44637,428824,229,10,861,0,0,1,0,0,1,1,0,0,1,1,0,0
2021,1,78258,298003,40,1,505,1,0,0,0,1,0,1,0,1,0,0,0,1
2019,12,70693,418946,20,10,429,0,1,0,0,0,0,0,1,1,0,1,0,0
2019,4,44824,152413,352,5,1007,0,0,1,0,1,0,1,0,1,0,0,0,1
2016,4,61950,101012,386,9,931,1,0,0,1,0,1,0,0,1,0,1,0,0
2017,9,58488,180193,139,3,426,1,0,0,0,1,1,0,0,1,1,1,1,0
2021,6,35215,268168,114,9,288,1,1,0,0,0,1,0,1,1,1,1,1,0
2020,9,46523,198178,36,5,298,1,0,1,0,0,1,0,1,1,1,0,1,0
2016,12,110900,108123,236,9,868,0,0,0,1,1,0,0,1,1,0,1,1,0
2020,6,103689,161825,11,10,92,1,1,1,0,1,0,0,1,1,1,1,0,0
2016,6,58834,58720,368,6,1006,0,0,0,1,0,1,0,0,1,1,1,0,0
2016,5,69474,218733,110,9,548,1,0,0,0,0,1,1,0,0,1,1,1,0
2016,5,78066,296103,30,7,187,1,1,0,0,1,0,0,1,0,1,0,1,0
2017,2,45400,274970,67,7,286,1,0,1,0,1,1,1,0,1,1,1,1,0
2016,8,45345,274866,398,8,916,1,1,0,0,1,1,0,0,0,1,0,0,1
2018,8,68896,464336,189,7,708,0,1,0,0,0,1,0,0,0,1,0,0,1
2023,11,63899,200862,350,9,1021,1,0,1,0,1,0,0,0,1,1,0,0,1
2020,1,63229,108655,358,9,749,0,1,0,0,0,0,0,1,1,1,1,1,0
2015,8,40583,240715,29,6,417,0,0,1,0,0,1,0,0,1,1,1,1,0
2022,5,39897,143448,264,7,631,1,0,0,0,0,1,0,0,1,1,1,1,0
2021,2,106537,228446,326,2,928,0,0,1,0,0,1,0,1,1,0,0,0,1
2024,2,39567,223979,47,9,123,0,1,1,0,0,0,1,0,1,0,0,1,0
2017,6,109807,231143,157,1,380,1,1,0,0,0,1,1,0,1,1,1,0,0
2015,11,112239,170507,34,1,446,0,1,0,0,0,0,1,0,0,1,1,1,0
2019,9,48329,346956,395,3,1088,1,0,0,1,1,1,1,0,1,1,0,1,0
2018,1,106792,361714,130,6,496,0,0,1,0,1,0,0,0,1,1,1,0,0
2024,12,35228,363045,35,5,171,0,1,1,0,0,1,0,1,0,1,1,0,0
2022,6,117214,110186,178,2,511,0,1,0,1,1,0,0,0,1,0,1,0,0
2015,9,72052,172066,332,9,908,0,0,0,1,1,1,1,0,1,1,0,1,0
2024,8,92769,440508,234,10,778,1,0,1,0,0,0,1,0,1,1,0,1,0
2015,11,81032,231323,10,4,247,0,1,1,0,0,1,0,0,1,0,0,0,1
2018,6,68686,246243,316,4,834,1,0,0,0,1,0,0,1,1,0,0,1,0
2022,3,111981,86160,270,5,573,0,0,1,0,1,0,0,1,0,1,0,1,0
2019,8,98261,69156,22,8,155,1,0,0,0,1,0,1,0,1,0,0,1,0
2016,9,37809,126208,57,10,529,0,0,0,1,0,0,0,1,1,0,1,0,0
2020,1,76785,199001,322,4,744,1,0,0,1,0,1,1,0,1,0,1,1,0
2019,12,71547,281226,380,5,1087,1,1,0,0,1,1,1,0,0,1,0,0,1
2016,9,77818,497421,300,4,684,1,1,0,0,0,0,0,1,1,0,1,1,0
2017,6,106927,291766,341,6,933,1,0,0,0,0,1,1,0,1,0,1,1,0
2023,6,100681,245413,103,3,235,0,1,0,0,0,0,0,1,0,1,0,1,0
2021,12,114465,407521,270,8,553,1,0,0,1,0,0,1,0,1,0,0,0,1
2021,4,72333,355007,287,6,644,1,1,0,0,0,1,1,0,1,0,1,1,0
2020,1,51576,262909,368,10,1073,1,0,0,1,0,0,1,0,0,1,1,1,0
2022,10,74405,115439,214,5,597,0,1,1,0,0,1,0,0,1,1,0,0,1
2018,8,108779,188266,194,2,827,1,0,0,1,0,1,0,1,0,1,0,1,0
2022,2,66601,252459,184,10,425,1,1,1,0,0,0,1,0,1,0,1,1,0
2018,12,102946,171361,396,10,869,0,0,0,1,1,0,0,1,1,0,1,0,0
2022,1,102356,262986,389,7,1067,1,1,0,0,0,0,0,1,1,0,1,1,0
2023,2,87116,247286,318,2,816,1,0,0,1,1,0,1,0,0,1,1,0,0
2017,1,97894,408320,78,1,457,1,0,0,0,1,1,0,0,1,0,0,1,0
2017,1,69635,79777,113,7,533,0,1,0,1,0,1,1,0,1,0,1,1,0
2016,9,42465,306427,255,5,775,1,1,1,0,1,1,1,0,0,1,0,0,1
2024,1,91754,207255,170,1,683,1,1,1,0,1,0,1,0,1,1,0,0,1
2017,4,73871,470661,209,4,525,0,1,0,0,1,0,0,1,1,1,1,1,0
2017,10,97874,248110,225,4,482,1,0,0,1,0,0,1,0,1,0,0,1,0
2019,6,112733,399345,221,10,861,0,1,0,0,0,1,0,1,0,1,0,1,0
2019,7,64511,459414,25,7,193,0,1,0,0,0,1,0,0,1,0,0,0,1
2016,2,115960,464627,381,9,805,0,1,0,1,1,1,0,0,0,1,1,1,0
2024,6,83821,231649,341,2,883,0,1,1,0,1,0,0,0,0,1,0,1,0
2020,7,100776,328011,214,1,714,1,0,0,1,1,0,1,0,1,1,0,0,1
2019,10,105167,112501,374,2,824,0,0,1,0,0,1,0,1,1,1,1,0,0
2020,10,110135,195338,48,7,347,1,1,0,0,1,0,0,0,0,1,1,1,0
2015,2,79462,351566,98,10,298,0,1,0,0,1,1,0,0,1,0,1,0,0
2019,2,96382,216280,265,6,596,0,0,0,1,1,1,1,0,1,1,1,0,0
2023,10,67574,171544,263,4,713,1,0,1,0,1,1,1,0,1,0,0,1,0
2024,7,76910,474429,225,1,686,0,0,0,1,0,0,0,1,1,1,0,1,0
2016,12,108531,188439,377,1,785,0,1,0,1,1,1,0,0,1,1,0,1,0
2015,1,60186,305230,312,5,922,0,1,0,1,1,1,0,0,1,0,1,1,0
2024,8,57813,85362,181,1,514,1,0,0,0,1,0,0,0,1,1,1,0,0
2023,11,113812,300449,146,7,570,0,1,1,0,0,1,0,1,1,1,1,1,0
2024,3,113282,363732,393,1,1129,1,1,0,0,0,1,1,0,1,0,0,1,0
2023,11,53557,219357,187,1,599,0,1,0,0,1,0,0,0,1,1,1,0,0
2023,6,63060,176683,86,2,256,0,0,0,1,0,1,0,0,1,1,1,1,0
2020,9,93866,306157,197,10,377,1,0,1,0,1,1,1,0,1,1,1,1,0
2022,6,107104,255827,24,3,185,0,1,0,1,1,1,1,0,1,0,0,0,1
2015,9,119577,252918,301,1,678,0,1,0,1,0,0,0,1,0,1,1,1,0
2024,7,41080,348451,328,9,967,0,1,1,0,0,1,0,0,1,0,0,1,0
2018,9,48854,392424,334,10,966,1,0,1,0,1,1,1,0,0,1,1,1,0
2015,2,102695,463083,223,8,538,1,0,1,0,1,0,0,0,1,1,1,0,0
2022,12,62025,368667,217,5,880,0,1,1,0,0,1,0,0,0,1,1,1,0
2015,8,87982,449594,178,2,495,0,1,0,1,1,0,0,0,1,0,0,0,1
2017,8,76081,265757,339,5,879,1,1,0,0,0,1,1,0,1,0,1,0,0
2018,2,39368,157669,289,6,971,1,0,0,1,0,1,1,0,1,1,1,0,0
2022,12,62094,258030,314,1,1012,1,0,0,1,1,1,1,0,0,1,0,0,1
2020,4,81040,208998,155,4,707,0,1,1,0,1,1,1,0,1,1,0,1,0
2024,11,101766,153215,272,9,753,1,0,1,0,0,1,0,1,1,1,1,0,0
2021,7,118053,148707,13,2,290,0,1,0,0,0,1,1,0,1,0,0,1,0
2022,11,58991,456396,99,5,457,0,1,1,0,1,0,1,0,0,1,1,0,0
2016,4,36301,142837,69,1,595,1,1,0,0,1,0,1,0,0,1,1,0,0
2024,4,63610,430214,320,4,1086,0,1,1,0,0,0,0,1,0,1,0,1,0
2022,6,116463,480147,25,4,244,1,1,1,0,0,1,1,0,0,1,1,0,0
2017,10,69678,467230,236,6,889,0,0,0,1,1,0,0,0,1,1,0,1,0
2021,6,59466,295847,38,10,415,1,0,1,0,1,0,0,0,1,1,0,0,1
2017,10,115440,277544,160,9,527,1,0,0,0,1,0,0,1,1,0,0,1,0
2021,3,75875,392016,254,3,694,1,0,0,0,0,1,0,0,1,1,0,0,1
2016,9,61081,399880,279,9,848,1,0,1,0,0,0,1,0,1,1,1,0,0
2024,12,59354,317614,88,6,426,1,1,0,0,1,0,1,0,1,0,0,1,0
2020,10,53300,277467,298,7,782,1,1,1,0,1,1,1,0,1,0,1,0,0
2017,11,99384,196025,162,10,515,1,1,1,0,0,0,0,1,1,0,0,1,0
2017,2,95892,285652,286,2,804,0,1,0,1,0,0,1,0,1,1,0,0,1
2023,6,70525,481723,288,10,869,0,0,0,1,1,1,0,0,1,1,0,0,1
2021,12,61532,405113,66,6,201,1,0,0,1,0,0,0,1,1,0,0,1,0
2019,7,41464,141493,195,6,524,0,0,1,0,1,1,0,0,1,0,0,0,1
2024,12,51562,318667,102,2,476,1,1,0,0,0,1,1,0,1,0,1,0,0
2021,9,90514,267995,285,2,884,0,0,1,0,1,1,0,0,1,1,1,0,0
2023,3,109219,238262,167,2,430,0,0,1,0,1,1,0,0,1,1,1,1,0
2015,10,67634,490977,284,10,849,1,0,1,0,0,1,0,1,0,1,0,0,1
2021,3,35060,343313,190,1,469,1,0,0,0,0,1,0,1,1,1,1,0,0
2020,7,44269,95641,368,5,994,1,0,0,0,0,1,0,1,1,1,0,1,0
2024,4,98143,204062,86,8,468,1,0,0,1,0,1,1,0,1,1,0,0,1
2023,8,58065,79661,160,2,786,1,0,1,0,0,0,1,0,1,0,1,0,0
2015,7,37895,194491,247,5,762,0,0,1,0,0,0,0,1,1,1,0,0,1
2018,5,115859,326601,298,8,640,0,1,0,0,0,0,0,1,1,0,0,1,0
2023,7,47352,379744,240,10,640,1,0,0,0,1,1,1,0,0,1,1,0,0
2018,3,84737,153619,27,5,224,1,1,0,0,0,1,0,1,0,1,1,1,0
2024,12,67016,388246,82,2,641,1,1,0,0,0,1,1,0,1,0,1,1,0
2017,2,96304,83085,198,3,668,0,1,0,1,1,1,1,0,1,0,0,0,1
2023,6,46962,147064,26,6,396,0,1,1,0,0,1,0,0,1,0,0,1,0
2016,2,68302,231726,28,5,438,0,1,0,0,1,1,1,0,1,1,1,0,0
2018,3,39011,449346,228,4,951,1,0,0,0,0,0,1,0,0,1,0,1,0
2020,6,54782,155723,335,4,1066,1,1,1,0,1,0,1,0,1,0,1,0,0
2016,5,102691,183114,129,5,390,1,0,0,0,1,1,0,0,1,1,0,0,1
2022,8,74725,382278,110,2,303,0,1,0,1,0,1,0,1,0,1,1,0,0
2022,9,44196,355126,43,9,247,1,1,0,0,1,0,1,0,1,1,0,1,0
2015,11,78459,377329,93,2,576,0,0,1,0,1,1,1,0,0,1,0,1,0
2017,3,113863,83477,205,10,693,1,1,1,0,0,1,1,0,1,1,0,0,1
2024,12,67769,164161,339,2,1095,1,0,1,0,1,1,0,0,0,1,0,1,0
2023,10,59700,364853,211,10,482,0,0,0,1,0,0,0,1,0,1,1,0,0
2019,3,115356,209788,353,9,980,0,0,1,0,1,0,0,0,1,1,0,0,1
2020,3,111427,390281,350,3,1075,0,0,0,1,1,1,0,0,1,0,1,0,0
2018,6,40269,348162,20,10,476,0,1,0,0,0,0,1,0,0,1,0,1,0
2024,1,78880,189133,356,7,1122,0,1,1,0,0,0,1,0,1,0,0,0,1
2016,7,43320,189681,227,4,641,1,1,1,0,1,1,1,0,1,1,1,0,0
2022,12,84589,347515,262,6,820,1,0,0,1,0,1,0,0,1,0,0,1,0
2020,1,111276,291422,231,4,789,1,1,1,0,0,0,1,0,1,0,0,1,0
2019,5,70897,395165,392,10,985,1,0,0,0,0,0,1,0,1,0,1,1,0
2023,10,93565,464021,378,7,928,1,1,0,0,0,1,1,0,1,0,0,1,0
2015,8,65930,320001,89,1,301,1,0,0,0,1,1,1,0,1,0,1,0,0
2019,4,92233,192692,16,3,70,1,0,0,0,1,1,0,0,0,1,0,0,1
2020,5,117821,58177,281,3,654,0,1,0,0,0,1,0,0,0,1,1,1,0
2019,4,49380,473327,236,1,584,0,0,1,0,1,0,1,0,0,1,0,1,0
2020,12,111896,301842,25,6,396,1,0,0,1,1,0,0,0,1,1,0,1,0
2020,12,105934,400722,21,9,238,1,0,0,1,0,1,0,1,1,0,0,1,0
2021,4,90830,139941,300,8,629,1,0,0,0,0,0,0,1,0,1,1,0,0
2018,12,40529,308121,250,7,662,0,0,0,1,0,0,1,0,1,1,1,1,0
2022,8,117987,61826,30,10,80,0,1,0,0,1,1,1,0,0,1,1,0,0
2021,2,84178,194962,187,8,401,1,0,0,0,0,1,0,1,0,1,1,1,0
2023,1,41937,394572,237,6,588,0,1,1,0,0,0,0,1,1,0,0,0,1
2021,3,74886,176044,282,9,935,1,1,0,0,0,0,0,1,1,1,1,0,0
2017,9,84699,239103,297,3,796,0,0,1,0,1,0,1,0,1,0,1,0,0
2017,4,111396,387164,306,10,964,1,0,1,0,1,0,1,0,1,0,0,0,1
2022,10,60279,55495,143,10,312,0,1,1,0,1,0,1,0,0,1,1,1,0
2019,5,73106,78481,292,9,977,0,0,0,1,1,0,0,1,1,0,0,1,0
2018,2,114737,192339,162,4,747,1,1,1,0,1,0,0,1,1,1,0,0,1
2022,4,75544,430041,75,7,581,1,1,1,0,0,0,0,1,1,0,0,1,0
2020,2,43997,286774,146,9,389,0,1,1,0,1,0,1,0,1,0,0,1,0
2016,2,75860,187815,101,2,330,1,0,0,0,0,1,1,0,1,0,0,0,1
2018,4,38225,498016,326,2,1118,1,0,1,0,0,0,1,0,0,1,1,1,0
2018,6,94470,153475,268,9,733,0,1,0,1,0,1,0,1,1,1,0,1,0
2020,7,98656,229845,112,3,479,0,1,0,1,0,1,0,1,0,1,0,0,1
2020,10,86880,369186,64,9,194,0,0,0,1,1,0,0,1,0,1,1,0,0
2015,3,96078,99476,266,5,637,1,0,0,0,0,0,0,1,0,1,1,0,0
2022,3,111290,273177,110,6,277,1,0,0,1,1,1,1,0,0,1,1,0,0
2020,10,91633,340696,207,2,502,1,0,0,1,1,1,0,0,0,1,0,0,1
2017,6,61655,246314,310,8,1066,0,0,1,0,1,1,0,0,1,1,1,0,0
2023,12,78601,488988,235,9,810,1,0,1,0,1,0,0,1,1,0,0,1,0
2016,3,38114,486946,246,2,968,1,0,1,0,1,1,1,0,0,1,1,0,0
2022,2,61502,210020,35,6,270,1,1,1,0,1,0,0,1,0,1,1,0,0
2024,8,84768,257383,130,6,451,0,1,0,0,1,1,0,0,1,1,0,1,0
2017,5,83128,119093,191,8,512,0,0,0,1,1,1,1,0,1,1,1,0,0
2019,1,55028,119123,208,10,685,0,1,0,1,1,0,1,0,1,0,0,1,0
2020,3,90565,66535,311,5,1051,0,0,0,1,0,0,0,1,1,1,1,0,0
2024,10,118123,378634,264,9,912,1,0,0,1,0,1,0,1,1,0,0,1,0
2020,8,70333,96562,131,1,376,1,0,0,1,0,1,1,0,0,1,1,0,0
2018,4,38174,431186,40,9,420,0,1,1,0,0,1,0,0,0,1,0,1,0
2017,7,70398,306323,324,10,951,0,0,1,0,0,0,0,1,1,0,0,0,1
2018,10,70929,401224,294,7,869,1,0,1,0,1,0,1,0,1,1,0,1,0
2015,12,39321,308916,115,4,367,1,1,0,0,1,1,0,0,1,0,1,0,0
2018,2,90421,239607,233,3,591,0,0,0,1,1,0,1,0,1,1,1,0,0
2015,7,107635,280063,282,10,662,1,0,0,1,1,0,0,1,0,1,1,1,0
2015,5,58760,91269,241,6,916,0,1,0,0,1,1,1,0,1,1,0,1,0
2024,5,46360,130674,265,1,695,1,1,1,0,0,1,0,1,1,0,0,0,1
2020,6,45313,354606,33,3,530,0,1,0,1,0,0,1,0,1,0,0,1,0
2019,9,40801,446343,118,2,716,0,0,1,0,1,0,0,1,0,1,0,1,0
2018,6,49130,335291,200,9,533,0,1,0,0,0,0,0,1,1,1,0,0,1
2017,12,49271,488744,356,3,967,0,0,1,0,1,0,0,1,1,1,0,1,0
2015,8,51075,127095,34,2,388,0,1,1,0,0,0,0,1,1,1,0,0,1
2020,7,53984,294172,196,4,545,1,1,0,0,0,0,1,0,0,1,0,0,1
2016,9,95942,250003,297,2,892,1,0,0,1,1,0,0,0,1,1,0,1,0
2022,4,47861,140925,125,1,669,1,1,1,0,0,1,0,1,1,0,0,1,0
2024,2,117203,116381,347,6,926,0,1,0,0,0,1,1,0,1,1,1,0,0
2019,7,106376,149468,375,10,749,0,0,1,0,0,1,1,0,0,1,1,0,0
2021,6,96247,292330,46,8,136,1,0,1,0,0,1,0,0,1,1,1,1,0
2024,1,104101,375893,291,10,727,0,1,1,0,1,0,1,0,1,1,1,1,0
2016,11,55977,481888,146,10,600,1,0,1,0,1,0,0,0,1,0,0,1,0
2022,9,85617,63731,236,2,674,1,1,1,0,0,1,1,0,1,1,0,0,1
2016,9,92473,436791,329,9,935,0,1,0,0,1,0,0,1,1,0,1,1,0
2018,12,107902,497728,337,3,719,0,1,1,0,1,0,1,0,1,0,0,1,0
2015,2,50630,101024,191,8,780,0,1,0,0,1,0,0,0,0,1,1,1,0
2019,3,55056,166712,371,8,913,1,0,0,1,1,1,1,0,1,0,0,0,1
2023,5,42382,151121,95,3,465,1,0,0,0,1,1,1,0,1,0,0,1,0
2015,5,90739,315976,62,3,527,0,1,1,0,1,0,1,0,0,1,0,0,1
2023,1,116685,82332,357,6,900,1,0,1,0,0,0,0,1,1,0,0,1,0
2022,8,83639,62467,364,1,823,1,1,1,0,0,0,0,1,0,1,1,1,0
2020,12,94838,91025,244,4,560,1,1,0,0,1,0,0,1,1,1,1,0,0
2021,8,81041,194179,276,1,636,1,0,0,1,1,0,0,0,0,1,1,1,0
2017,4,35992,127994,296,3,907,1,0,0,0,1,0,0,0,1,0,1,1,0
2015,7,107394,144202,109,9,224,1,1,0,0,1,0,1,0,0,1,1,0,0
2019,11,102657,93481,96,5,186,0,1,0,1,1,1,0,0,1,0,1,0,0
2016,10,62160,445797,24,5,406,1,0,0,1,1,1,1,0,1,1,0,1,0
2019,3,80156,125118,110,4,455,1,1,1,0,1,0,0,0,0,1,0,1,0
2022,6,86375,436154,174,3,711,0,0,1,0,1,0,1,0,1,1,0,0,1
2023,10,54572,494854,38,5,253,0,1,1,0,0,0,1,0,1,0,0,0,1
2016,10,39136,173714,123,4,387,0,1,0,0,0,1,0,0,1,0,1,1,0
2017,12,96868,451634,116,8,455,1,1,1,0,0,0,1,0,1,1,1,0,0
2017,9,117263,274699,373,4,880,0,1,1,0,0,1,0,1,0,1,0,0,1
2015,1,67167,210185,139,8,380,1,1,0,0,1,0,0,1,0,1,1,1,0
2022,5,50479,134363,93,6,372,0,1,0,0,1,0,0,0,1,0,1,0,0
2020,4,66376,435751,280,5,610,0,0,0,1,0,1,0,1,1,1,0,1,0
2022,8,39823,375188,253,4,794,1,0,1,0,0,1,1,0,1,1,1,1,0
2023,11,105456,261027,397,4,1130,0,1,0,1,0,1,0,1,0,1,0,1,0
2019,12,54585,323958,223,4,861,1,0,0,1,1,0,1,0,0,1,0,0,1
2017,1,52272,411484,315,9,1036,1,1,1,0,1,0,0,0,0,1,0,0,1
2019,9,61619,322168,175,4,606,0,1,0,1,0,1,0,0,1,1,1,0,0
2019,6,110069,244360,288,9,791,0,0,1,0,1,0,1,0,0,1,1,1,0
2019,4,74895,421380,68,10,547,0,1,1,0,1,0,1,0,0,1,0,1,0
2017,12,38720,107836,99,6,349,0,1,1,0,1,0,0,1,1,0,1,0,0
2024,9,54267,319579,380,10,1149,1,1,1,0,1,0,0,1,0,1,0,0,1
2018,11,50696,305095,340,7,898,1,0,0,0,1,1,1,0,0,1,0,0,1
2023,5,64968,382745,203,10,522,1,0,0,0,1,1,1,0,1,1,1,1,0
2024,5,88364,311176,132,3,411,0,0,0,1,0,0,0,1,1,1,0,1,0
2023,12,58345,433015,145,8,334,1,0,1,0,1,1,0,0,1,0,1,1,0
2016,5,86567,299717,148,3,463,0,1,0,0,1,0,0,0,0,1,0,1,0
2022,1,96607,184479,238,1,579,0,0,1,0,1,0,0,0,1,0,0,1,0
2022,1,54385,411087,283,10,881,0,1,0,1,0,1,0,1,1,1,1,1,0
2021,8,118658,82940,59,5,496,1,0,0,0,1,0,0,0,1,0,1,0,0
2022,12,101900,55666,127,2,450,0,0,0,1,1,0,0,0,1,1,1,1,0
2017,8,103244,349266,211,10,821,0,0,0,1,1,1,0,0,1,0,1,1,0
2020,12,100425,430791,200,6,827,1,1,1,0,0,1,1,0,1,0,0,0,1
2015,6,113518,206164,373,10,1156,0,0,1,0,1,1,1,0,0,1,0,0,1
2021,12,117844,441897,332,9,738,1,1,0,0,1,1,1,0,1,0,1,1,0
2015,11,67919,435546,190,1,600,0,1,0,0,0,1,0,0,0,1,1,1,0
2023,4,92196,256717,87,4,566,1,0,1,0,1,0,0,0,0,1,0,0,1
2015,2,114401,413334,84,1,268,1,0,0,1,1,1,0,0,0,1,0,1,0
2015,2,35495,412612,304,1,973,1,1,1,0,1,1,1,0,0,1,1,1,0
2021,9,79755,441351,290,8,602,0,1,0,0,1,1,0,0,1,0,1,0,0
2016,5,102684,76505,30,2,336,1,0,0,1,0,0,1,0,1,1,1,0,0
2019,4,68324,86713,180,1,636,1,0,0,1,0,1,1,0,1,1,1,0,0
2022,10,113929,497603,24,8,324,0,0,1,0,1,0,0,0,1,1,1,1,0
2022,1,36552,355313,220,4,724,0,0,1,0,0,1,0,0,1,0,0,1,0
2017,7,86272,254354,57,3,150,0,1,0,1,0,1,0,1,0,1,0,1,0
2021,3,70853,127511,95,4,429,0,0,0,1,1,1,1,0,1,1,0,0,1
2017,6,67924,494958,158,5,576,0,1,0,0,0,0,1,0,1,0,1,1,0
2020,5,109462,352666,197,1,744,1,1,1,0,1,1,0,0,0,1,0,1,0
2020,5,58889,262204,381,1,819,0,1,1,0,1,0,0,1,1,1,1,1,0
2017,11,89675,300694,315,3,1029,1,1,1,0,1,0,1,0,0,1,0,0,1
2021,5,108591,299836,160,6,403,0,1,0,1,1,0,0,0,1,1,0,0,1
2017,1,105190,284561,150,1,515,1,0,1,0,1,0,0,0,1,1,0,0,1
2022,1,57634,411541,78,2,557,0,0,0,1,0,0,1,0,1,1,1,0,0
2024,3,67363,53880,269,7,607,0,1,1,0,1,1,0,0,0,1,1,1,0
2018,12,98752,486670,343,1,1116,1,0,0,0,0,0,0,1,1,0,0,0,1
2015,10,112004,498927,18,7,130,1,0,1,0,1,0,0,0,0,1,1,1,0
2018,4,91398,93539,130,4,559,0,0,1,0,0,0,0,1,1,1,1,0,0
2021,5,75718,290056,380,10,1088,1,0,0,1,1,0,0,1,0,1,1,0,0
2018,2,117916,269057,110,6,360,1,0,0,0,0,0,1,0,1,0,0,0,1
2020,8,61870,64799,158,8,740,1,1,1,0,1,1,0,0,0,1,0,0,1
2023,11,72394,154843,155,9,521,1,1,1,0,1,1,0,0,1,0,0,1,0
2015,11,87057,493942,362,6,1196,0,0,1,0,0,1,1,0,1,0,1,1,0
2019,2,114795,98784,252,9,724,0,1,0,1,1,0,1,0,0,1,0,0,1
2021,9,115409,163034,250,4,710,0,1,0,0,1,1,1,0,1,1,0,1,0
2015,2,48016,486549,346,6,1156,1,0,0,0,1,1,1,0,1,0,1,1,0
2018,9,77137,484044,52,8,243,1,0,0,0,0,1,0,1,0,1,0,0,1
2020,7,35153,250598,104,9,630,1,1,0,0,0,1,0,0,1,0,0,1,0
2016,8,42853,104362,235,3,666,1,0,1,0,0,0,1,0,1,1,0,1,0
2024,11,47379,103997,15,2,59,0,0,0,1,1,0,0,1,0,1,1,1,0
2019,2,50792,231413,223,6,804,1,0,1,0,1,1,0,0,0,1,0,1,0
2024,7,73367,462289,215,4,596,0,1,0,0,1,0,1,0,0,1,1,1,0
2015,12,53100,414543,76,1,320,1,1,1,0,0,0,0,1,1,1,1,1,0
2020,6,98456,326693,109,8,565,1,1,1,0,0,0,1,0,1,0,1,1,0
2020,4,46049,369064,21,9,96,1,1,1,0,0,1,0,1,0,1,1,0,0
2018,7,35786,266398,246,9,575,1,1,0,0,0,0,1,0,1,0,0,1,0
2022,4,104904,310464,331,2,968,1,1,1,0,0,1,0,1,1,0,1,1,0
2018,2,65699,463532,267,9,582,0,1,0,0,1,1,0,0,1,1,0,0,1
2022,10,82691,207255,346,7,1124,0,0,1,0,0,1,0,0,0,1,1,0,0
2022,12,72040,406004,144,5,697,0,0,0,1,0,1,0,1,1,0,1,0,0
2019,7,92986,74624,231,7,704,0,1,0,0,1,1,0,0,0,1,0,1,0
2018,8,73762,243587,165,9,332,0,0,0,1,1,1,0,0,0,1,1,1,0
2016,2,58600,284784,151,8,654,0,1,0,0,0,1,0,0,1,1,0,1,0
2017,5,54810,96705,167,6,663,1,1,1,0,1,1,1,0,0,1,1,0,0
2017,1,92204,139326,335,4,698,0,0,1,0,0,0,1,0,0,1,1,1,0
2018,7,55085,469972,380,1,880,1,0,0,0,1,0,0,0,1,0,0,0,1
2018,8,81854,372534,353,6,887,1,0,1,0,1,0,0,0,1,1,1,1,0
2024,6,109797,118369,271,3,720,1,0,0,1,0,0,0,1,0,1,1,0,0
2019,5,119269,251893,292,6,910,0,0,1,0,0,0,0,1,1,0,0,0,1
2018,6,74779,321733,347,6,726,1,0,0,0,1,0,0,0,1,1,1,1,0
2024,2,91207,163012,353,4,821,0,1,0,1,1,0,0,1,1,1,0,0,1
2022,1,68980,457332,238,2,710,0,1,0,0,1,0,0,0,1,0,0,0,1
2020,7,91117,385325,385,9,1036,0,1,0,1,0,0,0,1,1,0,1,0,0
2020,7,49141,225858,289,2,648,1,0,0,0,1,0,1,0,1,0,0,0,1
2022,10,44344,275758,367,3,783,0,0,1,0,0,0,0,1,1,0,0,1,0
2021,11,50896,173711,299,10,668,0,1,0,0,1,0,0,1,1,0,1,0,0
2024,10,64813,126425,177,1,570,1,0,0,1,0,0,1,0,0,1,0,1,0
2024,2,119431,473502,56,7,433,1,1,1,0,1,0,0,0,0,1,0,0,1
2022,2,100679,65994,212,1,614,0,1,0,0,0,1,0,0,1,1,0,1,0
2016,1,45681,161915,223,9,511,0,1,0,0,1,0,1,0,0,1,1,1,0
2023,10,107903,435105,255,1,891,0,0,1,0,1,1,0,0,0,1,0,0,1
