price,make_bin_1,make_bin_2,make_bin_3,make_bin_4,make_bin_5,make_bin_6,model_bin_1,model_bin_2,model_bin_3,model_bin_4,model_bin_5,model_bin_6,model_bin_7,model_bin_8,model_bin_9,model_bin_10,model_bin_11
-2.451434574,0,1,0,0,1,0,1,1,0,0,0,0,0,1,1,0,0
-0.656555729,0,1,0,0,1,0,1,1,0,0,1,1,1,0,1,0,0
-0.656555729,0,1,0,0,1,0,0,0,1,0,1,1,1,0,1,0,0
-0.168013375,0,1,0,0,1,0,0,0,0,1,0,1,1,0,1,1,0
-0.459330842,0,1,0,0,1,0,0,1,0,1,0,1,1,0,1,1,0
-0.471929215,0,1,0,0,1,0,1,0,0,1,0,1,1,0,1,1,0
-0.539941891,0,1,0,0,1,0,0,0,1,1,0,1,1,0,1,1,0
-1.825706193,0,1,0,0,1,0,0,0,1,0,1,1,1,1,0,0,0
-2.162949124,0,1,0,0,1,0,1,1,0,0,1,1,1,1,0,0,0
-1.990727301,0,1,0,0,1,0,1,1,1,0,1,1,0,0,1,1,0
-2.177658917,0,1,0,0,1,0,0,1,1,0,1,1,0,0,1,1,0
-1.344329651,0,1,0,0,1,0,0,1,1,1,0,1,1,1,0,0,0
-1.486063866,0,1,0,0,1,0,1,0,1,1,0,1,1,1,0,0,0
-2.373499402,0,1,0,0,1,0,1,0,1,0,1,1,0,0,1,1,0
-2.536651131,0,1,0,0,1,0,0,0,1,0,1,1,0,0,1,1,0
-1.091392696,0,1,0,0,1,0,0,0,0,0,1,1,1,1,0,0,0
-1.22469636,0,1,0,0,1,0,1,1,1,1,0,1,1,1,0,0,0
-2.03656334,0,1,0,0,1,0,0,1,0,0,1,1,1,1,0,0,0
-2.196585225,0,1,0,0,1,0,1,0,0,0,1,1,1,1,0,0,0
-1.211848713,0,1,0,0,1,0,0,0,1,1,0,1,1,1,0,0,0
-1.109224105,0,1,0,0,1,0,0,1,1,0,1,1,1,0,0,1,0
-1.157220293,0,1,0,0,1,0,1,0,1,0,1,1,1,0,0,1,0
-1.026616318,0,1,0,0,1,0,1,0,0,1,0,0,1,0,0,0,0
-0.425796088,0,1,0,0,1,0,1,1,1,0,1,1,1,1,0,0,0
-0.502296797,0,1,0,0,1,0,0,1,0,0,0,1,1,0,1,1,0
-0.459330842,0,1,0,0,1,0,1,1,0,1,0,1,1,0,1,1,0
-0.738266765,0,1,0,0,1,0,0,1,1,1,0,1,0,0,1,0,0
-0.864622598,0,1,0,0,1,0,1,0,1,1,0,1,0,0,1,0,0
-0.798971229,0,1,0,0,1,0,1,1,1,1,0,1,0,0,1,0,0
-0.439351716,0,1,0,0,1,0,0,1,1,0,1,1,1,1,0,0,0
-1.353316566,0,1,0,0,1,0,1,0,1,0,1,1,1,1,0,0,0
-0.802786401,0,1,0,0,1,0,0,1,0,1,0,0,1,0,0,0,0
-1.123553036,0,1,0,0,1,0,1,1,0,1,0,0,1,0,0,0,0
-1.327277047,0,1,0,0,1,0,0,1,1,1,0,0,0,1,0,0,1
-0.352429372,0,1,1,0,0,0,1,0,0,1,0,0,0,1,0,1,0
0.223178133,0,1,1,0,0,0,1,1,0,1,1,1,0,1,0,1,0
0.071649459,0,1,1,0,0,0,1,1,0,1,0,0,0,1,0,1,0
0.665779478,0,1,1,0,0,0,0,0,1,1,0,0,0,1,0,1,0
0.028631817,0,1,1,0,0,0,0,1,0,1,1,1,0,1,0,1,0
1.590922605,0,1,1,0,0,0,1,0,1,1,0,0,0,1,0,1,0
0.089374368,0,1,1,0,0,0,1,1,0,1,1,0,1,1,0,1,0
0.079571767,0,1,1,0,0,0,0,0,1,1,1,0,1,1,0,1,0
0.197649327,0,1,1,0,0,0,1,0,0,0,1,1,1,0,0,0,1
0.109606026,0,1,1,0,0,0,0,1,0,0,1,1,1,0,0,0,1
1.130514409,0,1,1,0,0,0,1,1,0,0,1,1,1,0,0,0,1
1.091377968,0,1,1,0,0,0,0,0,1,0,1,1,1,0,0,0,1
1.018607446,0,1,1,0,0,0,1,0,1,1,0,0,1,0,0,0,0
1.040781179,0,1,1,0,0,0,0,1,1,1,0,0,1,0,0,0,0
0.341821211,0,1,1,0,0,0,1,0,1,1,1,0,1,1,0,1,0
-0.184472631,0,1,1,0,0,0,0,1,0,1,0,0,0,1,0,1,0
1.980285306,0,1,1,0,0,0,0,1,1,1,0,0,0,0,0,0,0
-0.061178707,0,1,1,0,0,0,1,0,0,1,1,0,0,0,0,0,0
-0.037255076,0,1,1,0,0,0,0,0,0,1,1,0,0,0,0,0,0
1.512504423,0,1,1,0,0,0,1,1,1,1,1,0,1,1,0,1,0
0.659144396,0,1,1,0,0,0,0,1,1,1,1,0,1,1,0,1,0
-0.045159875,0,1,1,0,0,0,1,1,0,0,0,1,0,0,0,0,0
-0.061178707,0,1,1,0,0,0,0,1,0,0,0,1,0,0,0,0,0
0.827193254,0,1,0,1,1,0,0,1,0,1,0,0,1,1,0,1,0
0.099067517,0,1,0,1,1,0,1,1,0,0,0,0,1,1,1,1,0
-0.01394695,0,1,0,1,1,0,0,0,1,0,0,0,1,1,1,1,0
0.825068825,0,1,0,1,1,0,0,1,1,0,1,0,1,1,0,1,0
0.536560044,0,1,0,1,1,0,1,0,0,1,0,0,1,1,0,1,0
-0.385530951,0,1,0,1,1,0,0,0,0,1,1,1,0,1,0,1,0
-0.490222379,0,1,0,1,1,0,1,1,1,0,1,1,0,1,0,1,0
-0.284369674,0,1,0,1,1,0,0,1,0,1,0,1,0,1,1,0,0
-0.249910333,0,1,0,1,1,0,0,0,0,0,0,0,1,0,1,1,0
-0.310433828,0,1,0,1,1,0,1,0,0,1,0,1,0,1,1,0,0
-0.340911634,0,1,0,1,1,0,0,0,0,1,0,1,0,1,1,0,0
-0.482546215,0,1,0,1,1,0,0,1,1,1,1,1,0,0,1,1,0
-0.306539736,0,1,0,1,1,0,1,1,1,1,1,1,0,0,1,1,0
-0.708887302,0,1,0,1,1,0,0,0,0,1,0,1,0,0,0,0,1
-0.46316408,0,1,0,1,1,0,1,0,1,0,0,1,0,0,0,0,1
-0.595873445,0,1,0,1,1,0,1,1,1,0,0,1,0,0,0,0,1
-0.652792408,0,1,0,1,1,0,0,1,1,0,0,1,0,0,0,0,1
-0.652792408,0,1,0,1,1,0,0,0,1,0,0,1,0,0,0,0,1
-0.697958958,0,1,0,1,1,0,1,1,0,0,0,1,0,0,0,0,1
-0.034448556,0,1,0,1,1,0,0,1,1,0,1,1,0,1,0,0,0
0.051523937,0,1,0,1,1,0,0,1,0,0,0,0,1,1,1,1,0
-0.016140989,0,1,0,1,1,0,1,0,0,0,0,0,1,0,1,1,0
-0.249910333,0,1,0,1,1,0,1,0,0,0,0,0,1,1,1,1,0
-0.345875979,0,1,0,1,1,0,1,0,0,1,1,1,0,1,0,1,0
-0.760590855,0,1,0,1,1,0,1,0,0,1,0,1,0,0,0,0,1
-0.415246116,0,1,0,1,1,0,0,1,0,0,0,1,0,0,0,0,1
0.11737906,1,1,0,0,1,0,1,1,0,1,0,1,0,1,0,1,0
-0.056343414,1,1,0,0,1,0,0,0,1,1,0,1,0,1,0,1,0
-0.249910333,1,1,0,0,1,0,1,1,1,1,0,1,0,1,0,1,0
-0.353996056,1,1,0,0,1,0,0,0,0,0,1,1,0,1,0,1,0
-0.48432632,1,1,0,0,1,0,0,1,1,0,1,1,0,1,0,1,0
-4.307252506,1,1,0,0,1,0,1,0,0,0,0,0,1,1,1,0,0
-4.307252506,1,1,0,0,1,0,0,0,0,0,0,0,1,1,1,0,0
-1.758328321,1,1,0,0,1,0,1,1,0,1,0,0,0,0,1,1,0
-1.785931516,1,1,0,0,1,0,1,0,1,0,0,0,1,0,0,0,1
-1.991915671,1,1,0,0,1,0,0,1,1,0,0,0,1,0,0,0,1
-2.299175911,1,1,0,0,1,0,1,1,1,0,0,0,1,0,0,0,1
-0.06813098,1,1,0,0,1,0,1,0,1,0,1,0,1,1,0,1,0
-0.153364679,1,1,0,0,1,0,0,1,1,1,0,1,0,1,0,1,0
-0.18975807,1,1,0,0,1,0,1,0,1,0,1,1,0,1,0,1,0
-0.28729693,1,1,0,0,1,0,0,0,1,0,1,1,0,1,0,1,0
-0.249910333,1,1,0,0,1,0,0,1,0,0,1,1,0,1,0,1,0
-0.353996056,1,1,0,0,1,0,1,0,0,0,1,1,0,1,0,1,0
-0.48432632,1,1,0,0,1,0,1,1,0,0,1,1,0,1,0,1,0
-2.101637974,1,1,0,0,1,0,0,0,0,1,0,0,1,0,0,0,1
-2.065001635,1,1,0,0,1,0,0,1,0,1,0,0,1,0,0,0,1
-0.657393789,1,1,0,0,1,0,0,1,1,0,0,1,1,1,1,1,0
-0.79090639,1,1,0,0,1,0,1,0,1,0,0,1,1,1,1,1,0
-2.170955261,1,1,0,0,1,0,1,1,1,1,1,1,0,0,0,0,1
-2.562075315,1,1,0,0,1,0,1,0,0,1,0,0,1,0,0,0,1
-2.601830648,1,1,0,0,1,0,1,1,0,0,0,0,1,0,0,0,1
-2.14969734,1,1,0,0,1,0,0,0,0,0,0,0,1,0,0,0,1
-2.880643388,1,1,0,0,1,0,0,0,1,0,0,0,1,0,0,0,1
-2.977962742,1,1,0,0,1,0,0,1,0,0,0,0,1,0,0,0,1
-2.309374396,1,1,0,0,1,0,0,1,1,1,1,1,0,0,0,0,1
-2.335904159,1,1,0,0,1,0,1,0,1,1,1,1,0,0,0,0,1
-2.349336762,1,1,0,0,1,0,1,0,0,0,0,0,1,0,0,0,1
-3.97256168,1,1,0,0,1,0,1,1,0,0,0,0,1,0,0,1,0
-3.609791396,1,1,0,0,1,0,1,1,0,1,1,1,1,0,0,0,0
-2.866293664,1,1,0,0,1,0,0,0,0,0,1,1,1,1,1,1,0
-2.349336762,1,1,0,0,1,0,0,0,1,1,1,1,0,0,0,0,1
-0.850091861,1,1,0,0,1,0,1,1,0,1,1,1,1,0,1,0,0
-0.849096476,1,1,0,0,1,0,0,0,1,1,1,1,1,0,1,0,0
-0.970662059,1,1,0,0,1,0,0,0,0,1,0,0,1,0,0,1,0
-1.431512322,1,1,0,0,1,0,0,1,1,0,0,0,1,1,0,1,0
-1.041755434,1,1,0,0,1,0,1,0,1,0,0,0,1,1,0,1,0
-0.656136941,1,1,0,0,1,0,0,1,1,0,1,0,1,0,1,1,0
-0.25841152,1,1,0,0,1,0,1,0,1,0,1,0,1,0,1,1,0
-0.25841152,1,1,0,0,1,0,1,0,1,0,1,0,1,0,1,1,0
-1.142497183,1,1,0,0,1,0,0,0,1,0,0,0,1,1,0,1,0
-0.153364679,1,1,0,0,1,0,0,1,0,1,0,1,0,1,0,1,0
-0.330750148,1,1,0,0,1,0,1,0,1,1,0,1,0,1,0,1,0
0.176437948,0,1,1,0,0,1,0,0,0,1,1,0,0,0,0,0,1
-2.700901022,0,1,1,0,0,1,1,0,0,1,1,0,0,0,0,0,1
-0.255569512,0,1,1,0,0,1,1,0,0,1,1,1,0,1,0,0,0
-0.317059005,0,1,1,0,0,1,0,1,0,1,1,1,0,1,0,0,0
-1.364638331,0,1,1,0,0,1,0,0,0,1,1,1,0,1,0,0,0
-1.155289935,0,1,1,0,0,1,1,1,1,0,1,1,0,1,0,0,0
-1.05353165,0,1,1,0,0,1,1,1,0,1,1,0,0,1,0,1,0
-1.368434241,0,1,1,0,0,1,0,1,0,1,1,0,0,1,0,1,0
-0.076309275,0,1,1,0,0,1,0,0,1,1,1,1,1,1,1,1,0
-1.44192332,0,1,1,0,0,1,1,0,0,1,1,0,0,1,0,1,0
-1.446756125,0,1,1,0,0,1,0,0,0,1,1,0,0,1,0,1,0
-0.691886018,0,1,1,0,0,1,0,0,1,0,0,1,0,1,0,1,0
-0.726153862,0,1,1,0,0,1,1,0,1,0,0,1,0,1,0,1,0
-0.870689331,0,1,1,0,0,1,1,0,0,0,0,1,0,1,0,1,0
-0.874243034,0,1,1,0,0,1,0,0,0,0,0,1,0,1,0,1,0
-0.774947316,0,1,1,0,0,1,0,1,1,1,0,1,1,0,1,1,0
-1.003691821,0,1,1,0,0,1,1,1,0,0,0,1,0,1,0,1,0
-1.007102638,0,1,1,0,0,1,0,1,0,0,0,1,0,1,0,1,0
-1.439513507,0,1,1,0,0,1,1,1,1,1,1,0,0,1,0,1,0
-1.445143233,0,1,1,0,0,1,0,1,1,1,1,0,0,1,0,1,0
-1.518022759,0,1,1,0,0,1,1,0,1,1,1,0,0,1,0,1,0
-1.522284956,0,1,1,0,0,1,0,0,1,1,1,0,0,1,0,1,0
-2.09908276,0,1,1,0,0,1,1,0,0,0,1,0,0,1,0,0,0
1.824600479,0,1,1,0,0,1,0,0,0,1,0,0,1,1,0,1,0
-1.207818676,0,1,1,0,0,1,1,0,1,1,1,0,0,0,1,0,0
-0.723034887,0,1,1,0,0,1,1,0,0,0,1,1,1,0,1,1,0
-0.723034887,0,1,1,0,0,1,0,0,0,0,1,1,1,0,1,1,0
-0.877807696,0,1,1,0,0,1,1,1,1,1,0,1,1,0,1,1,0
-0.458287879,0,1,1,0,0,1,0,0,0,0,1,1,0,1,1,1,0
0.167587778,0,1,1,0,0,1,0,1,1,0,1,0,1,1,1,1,0
1.085046515,0,1,1,0,0,1,0,0,1,0,1,0,1,1,0,0,0
-0.96405513,0,1,1,0,0,1,0,1,1,1,0,1,0,1,1,1,0
-0.152854803,0,1,1,0,0,1,0,0,1,1,0,1,1,0,0,1,0
-0.189228202,0,1,1,0,0,1,0,1,1,1,0,1,1,0,0,1,0
-0.27796034,0,1,1,0,0,1,1,0,1,1,0,1,1,0,0,1,0
-1.052940106,0,1,1,0,0,1,1,1,1,0,0,0,1,1,0,0,0
-0.38747427,0,1,1,0,0,1,0,0,1,1,1,0,1,1,1,1,0
-2.232358122,0,1,1,0,0,1,0,1,0,0,0,0,0,1,0,0,1
-1.976540377,0,1,1,0,0,1,1,1,0,0,0,0,0,1,0,0,1
-0.710425926,0,1,1,0,0,1,1,1,1,1,0,1,0,1,1,1,0
0.079571767,1,1,1,0,1,0,1,0,1,0,1,1,0,1,1,0,0
-0.445853963,1,1,1,0,1,0,0,1,1,0,1,1,0,1,1,0,0
-1.790066704,1,1,1,0,1,0,1,1,0,1,1,1,1,1,1,0,0
-1.596869585,1,1,1,0,1,0,0,1,0,1,1,1,1,1,1,0,0
-1.75934117,1,1,1,0,1,0,0,0,1,1,1,1,1,1,1,0,0
-1.228099211,1,1,1,0,1,0,1,1,0,1,1,1,1,1,1,1,0
-1.111704112,1,1,1,0,1,0,0,1,0,0,0,0,1,1,0,1,0
-0.148785722,1,1,1,0,1,0,1,1,1,0,0,0,0,0,0,0,1
-0.174380259,1,1,1,0,1,0,0,1,1,0,0,0,0,0,0,0,1
-0.225258279,1,1,1,0,1,0,1,0,1,0,0,0,0,0,0,0,1
-0.253160327,1,1,1,0,1,0,0,0,1,0,0,0,0,0,0,0,1
-0.759670902,1,1,1,0,1,0,0,0,1,1,1,1,0,0,1,1,0
-0.870689331,1,1,1,0,1,0,1,1,0,1,1,1,0,0,1,1,0
-0.927831336,1,1,1,0,1,0,0,1,0,1,1,1,0,0,1,1,0
-0.558515739,1,1,1,0,1,0,1,1,0,0,0,0,0,0,0,0,1
-0.633758297,1,1,1,0,1,0,0,1,0,0,0,0,0,0,0,0,1
-0.585626027,1,1,1,0,1,0,1,1,1,0,0,1,1,1,1,1,0
-0.906726491,1,1,1,0,1,0,0,0,0,1,0,1,1,1,1,1,0
-0.38747427,1,1,1,0,1,0,1,0,0,1,1,1,0,0,1,1,0
-0.15081806,1,1,1,0,1,0,0,0,1,0,1,1,0,1,1,0,0
-0.158478688,1,1,1,0,1,0,0,0,0,1,1,1,0,1,1,0,0
-0.264120579,1,1,1,0,1,0,1,1,1,0,1,1,0,1,1,0,0
-2.538333982,1,1,1,0,1,0,1,1,1,0,0,1,1,0,1,1,0
-1.932490476,1,1,1,0,1,0,1,0,1,0,1,0,1,1,0,0,0
-0.225120776,1,1,1,0,1,0,1,0,0,1,0,1,1,1,1,1,0
-2.037788686,1,1,1,0,1,0,0,0,0,1,1,1,0,1,1,1,0
-2.370459056,1,1,1,0,1,0,1,0,1,1,0,0,1,1,0,0,0
-0.754624606,1,1,1,0,1,0,0,1,1,1,0,0,1,1,0,0,0
-0.921989428,1,0,0,0,0,1,1,0,1,0,1,1,1,0,1,0,0
0.089959023,1,0,0,0,0,1,1,0,0,1,0,1,1,0,0,0,0
-0.429168204,1,0,0,0,0,1,0,0,1,0,0,1,1,0,0,0,0
-0.429168204,1,0,0,0,0,1,1,1,0,0,0,1,1,0,0,0,0
-0.190023114,1,0,0,0,0,1,0,1,1,0,0,1,1,0,0,0,0
-0.101531173,1,0,0,0,0,1,1,1,0,1,0,1,1,0,0,0,0
0.022341697,1,0,0,0,0,1,0,1,0,1,0,1,1,0,0,0,0
-0.113671607,1,0,0,0,0,1,1,1,1,0,0,1,1,0,0,0,0
-0.302363219,1,0,0,0,0,1,1,0,1,0,0,1,1,0,0,0,0
-0.07349706,1,0,0,0,0,1,0,0,0,0,0,1,1,0,0,0,0
-0.125972833,1,0,0,0,0,1,1,0,0,0,0,1,1,0,0,0,0
-0.216906408,1,0,0,0,0,1,0,0,0,1,0,1,1,0,0,0,0
-0.302363219,1,0,0,0,0,1,0,0,1,1,0,1,1,0,0,0,0
-0.429168204,1,0,0,0,0,1,0,1,0,0,0,1,1,0,0,0,0
-0.821085516,1,0,0,0,0,1,0,0,0,0,1,0,1,0,0,0,0
-1.063035892,1,0,0,0,0,1,0,1,0,0,1,0,1,0,0,0,0
-1.155933054,1,0,0,0,0,1,1,0,0,0,1,0,1,0,0,0,0
-1.249403935,1,0,0,0,0,1,1,1,0,0,1,0,1,0,0,0,0
-0.595477497,1,0,0,0,0,1,1,0,0,1,1,1,0,1,1,1,0
-0.434926429,1,0,0,0,0,1,0,0,1,0,0,1,1,0,1,1,0
-0.363131485,1,0,0,0,0,1,1,1,1,1,0,0,0,0,1,1,0
-0.73376513,1,0,0,0,0,1,0,0,0,0,1,0,0,0,1,1,0
-0.585233848,1,0,0,0,0,1,0,1,1,1,0,0,0,0,1,1,0
-0.585233848,1,0,0,0,0,1,0,1,0,0,1,0,0,0,1,1,0
-0.440375653,1,0,0,0,0,1,1,0,0,0,1,0,0,0,1,1,0
-1.5086931,1,0,0,0,0,1,1,0,1,0,1,0,1,1,1,1,0
-0.030310814,1,0,0,0,0,1,0,1,1,1,0,1,1,0,0,0,0
-0.896315521,1,0,0,0,0,1,1,1,1,1,0,0,1,0,0,0,0
-0.740524416,1,0,0,0,0,1,0,1,0,1,1,1,0,1,1,1,0
-0.029418652,1,0,0,0,0,1,0,0,0,1,1,1,1,1,1,0,0
-0.222374844,1,0,0,0,0,1,1,1,0,1,0,0,0,1,0,0,1
-0.145745436,1,0,0,0,0,1,1,0,1,1,0,1,1,0,0,0,0
-1.149516834,1,0,0,0,0,1,0,0,1,0,1,0,1,0,0,0,0
-0.225670905,1,0,0,0,0,1,1,1,0,0,0,1,1,0,1,1,0
-1.947412905,1,0,0,0,0,1,1,1,0,1,0,0,1,0,0,0,1
-0.543329066,1,0,0,0,0,1,0,0,1,1,0,0,0,1,0,0,1
-0.543329066,1,0,0,0,0,1,1,0,0,1,0,0,0,1,0,0,1
-0.049707995,1,0,0,0,0,1,1,1,1,1,0,1,1,0,0,0,0
1.312740781,1,0,0,0,0,1,0,1,0,1,0,0,0,1,0,0,1
0.726632259,1,0,0,0,0,1,1,0,1,0,1,0,1,0,0,1,0
0.726632259,1,0,0,0,0,1,0,0,1,0,1,0,1,0,0,1,0
-1.283825862,1,0,0,0,0,1,1,0,0,0,0,1,0,0,0,0,1
-0.625585599,1,0,0,0,0,1,1,1,1,0,1,0,0,0,0,0,0
-2.012264176,1,0,0,0,0,1,1,0,0,0,0,0,1,1,0,1,0
-0.645719185,0,0,1,0,0,0,1,1,0,0,0,0,1,0,0,0,0
-0.395611871,0,0,1,0,0,0,0,1,0,1,1,1,1,0,1,1,0
-0.395611871,0,0,1,0,0,0,1,1,0,1,1,1,1,0,1,1,0
0.492954797,0,0,1,0,0,0,1,0,1,1,0,1,1,1,1,1,0
-0.645719185,0,0,1,0,0,0,0,0,1,0,0,0,1,0,0,0,0
0.458122422,0,0,1,0,0,0,0,1,1,1,1,1,0,1,1,1,0
0.569247511,0,0,1,0,0,0,0,1,1,1,0,1,1,1,1,1,0
0.28829131,0,0,1,0,0,0,0,0,0,1,0,0,0,1,1,1,0
0.190407446,0,0,1,0,0,0,1,0,0,1,0,0,0,1,1,1,0
0.330231695,0,0,1,0,0,0,0,1,0,1,0,0,0,1,1,1,0
0.608639634,0,0,1,0,0,0,1,1,1,1,0,1,1,1,1,1,0
1.130558569,0,0,1,0,0,0,0,0,1,1,1,1,0,1,1,1,0
0.060033003,0,0,1,0,0,0,0,0,1,0,1,1,1,0,1,1,0
-0.418750666,0,0,1,0,0,0,1,0,0,1,1,1,1,0,1,1,0
1.290340256,0,0,1,0,0,0,0,1,0,1,0,1,0,1,1,1,0
-0.341530828,0,0,1,0,0,0,1,0,1,0,0,0,1,0,0,0,0
-0.079836707,0,0,1,0,0,0,0,0,1,1,0,1,1,1,1,1,0
-0.020545182,0,0,1,0,0,0,0,0,0,1,1,1,1,0,1,1,0
-0.089309906,0,0,1,0,0,0,0,1,1,0,1,1,1,0,1,1,0
0.500012377,0,0,1,0,0,0,1,1,1,0,1,1,1,0,1,1,0
0.268051939,0,0,1,0,0,0,0,1,1,0,0,0,1,1,1,1,0
0.500012377,0,0,1,0,0,0,1,0,1,0,1,1,1,0,1,1,0
0.786530286,0,0,1,0,0,0,0,0,0,0,0,0,1,1,1,1,0
0.770778289,0,0,1,0,0,0,1,1,1,1,1,1,0,1,1,1,0
-0.005223989,0,0,1,0,0,0,1,0,1,1,1,1,0,1,1,1,0
1.300062121,0,0,1,0,0,0,1,1,0,1,0,1,0,1,1,1,0
-0.072795352,0,0,1,0,0,0,0,1,1,0,0,0,1,0,0,0,0
-0.456205111,0,1,0,1,0,0,1,0,1,0,0,0,1,1,0,0,0
-0.341530828,0,1,0,1,0,0,1,1,1,1,1,1,0,1,0,0,0
-0.197741672,0,1,0,1,0,0,0,1,0,0,0,0,1,1,0,0,0
0.500012377,0,1,0,1,0,0,1,0,1,0,0,1,0,0,1,0,0
-0.87018255,0,1,0,1,0,0,0,0,0,1,0,1,0,1,0,0,0
0.649786123,0,1,0,1,0,0,1,0,0,0,0,1,1,1,1,1,0
-0.641579845,0,1,0,1,0,0,1,0,0,1,0,1,0,1,0,0,0
-0.542952177,0,1,0,1,0,0,0,1,0,0,0,1,1,1,1,1,0
-0.405464061,0,1,0,1,0,0,1,0,0,1,1,1,1,1,0,0,0
0.734755041,0,1,0,1,0,0,1,1,1,0,0,1,0,0,1,0,0
0.652635208,0,1,0,1,0,0,0,1,1,0,0,1,0,0,1,0,0
-0.372989805,0,1,0,1,0,0,1,1,0,0,0,0,1,1,0,0,0
-0.546727129,0,1,0,1,0,0,0,0,0,0,0,0,1,1,0,0,0
-0.687999587,0,1,0,1,0,0,0,1,1,0,0,0,1,1,0,0,0
-0.850091861,0,1,0,1,0,0,0,0,1,0,0,0,1,1,0,0,0
-1.068414963,0,1,0,1,0,0,1,0,0,0,0,0,1,1,0,0,0
-1.194477944,0,1,0,1,0,0,0,1,1,1,1,1,0,1,0,0,0
-0.701008013,0,1,0,1,0,0,1,1,1,0,0,1,0,1,0,0,0
-1.327277047,0,1,0,1,0,0,1,0,0,1,0,0,0,0,1,1,0
-2.074392019,0,1,0,1,0,0,0,1,0,0,0,0,1,0,1,1,0
2.133096707,1,1,1,1,0,0,1,1,0,0,1,0,1,0,0,1,0
0.910781383,1,1,1,1,0,0,0,1,0,1,0,0,1,1,1,0,0
-0.543329066,1,1,1,1,0,0,0,0,0,1,1,1,1,0,1,0,0
0.375603845,1,1,1,1,0,0,0,0,0,1,0,0,1,1,1,0,0
-0.249910333,1,1,1,1,0,0,1,1,0,1,1,0,0,0,1,1,0
-0.338438702,1,1,1,1,0,0,0,1,0,1,1,0,0,0,1,1,0
-0.070460196,1,1,1,1,0,0,1,0,0,1,0,0,1,1,1,0,0
0.125643406,1,1,1,1,0,0,0,1,0,1,1,0,1,1,1,1,0
0.136232355,1,1,1,1,0,0,0,1,1,0,1,0,0,0,0,0,1
-0.195073032,1,1,1,1,0,0,1,0,1,1,0,1,0,1,1,1,0
-0.218543672,1,1,1,1,0,0,1,0,1,0,1,0,0,0,0,0,1
-1.049986716,1,1,1,1,0,0,0,0,1,1,0,1,0,1,0,0,0
-0.609423279,1,1,1,1,0,0,1,0,1,0,1,0,0,0,1,1,0
-0.727493249,1,1,1,1,0,0,0,0,1,1,0,1,0,1,1,1,0
-0.423442209,1,1,1,1,0,0,1,1,1,0,1,0,0,0,1,1,0
-0.607419917,1,1,1,1,0,0,0,1,1,0,1,0,0,0,1,1,0
-0.855581944,1,1,1,1,0,0,0,0,1,0,1,0,0,0,1,1,0
0.09073795,1,1,1,1,0,0,0,0,0,1,1,0,0,0,1,1,0
-0.09480144,1,1,1,1,0,0,1,0,0,1,1,0,0,0,1,1,0
0.577826886,1,1,1,1,0,0,0,0,0,0,1,0,1,1,1,0,0
0.484097901,1,1,1,1,0,0,1,0,0,0,1,0,1,1,1,0,0
0.436337187,1,1,1,1,0,0,0,1,1,1,0,0,1,1,1,0,0
0.271355715,1,1,1,1,0,0,1,1,1,1,0,0,1,1,1,0,0
0.072544318,1,1,1,1,0,0,1,1,0,0,1,0,1,1,1,0,0
-0.055999015,1,1,1,1,0,0,0,1,0,0,1,0,1,1,1,0,0
0.316469174,1,1,1,1,0,0,1,0,1,1,0,0,1,1,1,0,0
-0.123499551,1,1,1,1,0,0,1,0,0,1,1,1,1,0,1,0,0
-0.219363352,1,1,1,1,0,0,0,1,0,1,1,1,1,0,1,0,0
-1.138050794,1,1,1,1,0,0,1,1,0,0,1,0,0,0,1,1,0
0.303145418,1,1,1,1,0,0,1,1,0,1,0,0,1,1,1,0,0
0.047647369,1,1,1,1,0,0,0,0,1,1,0,0,1,1,1,0,0
-0.116854312,1,1,1,1,0,0,1,1,1,1,1,1,0,1,1,0,0
-0.114527417,1,1,1,1,0,0,0,1,1,1,1,1,0,1,1,0,0
0.022552088,1,1,1,1,0,0,1,0,1,1,1,1,0,1,1,0,0
-0.601034112,1,1,1,1,0,0,1,1,0,0,1,1,0,1,1,0,0
-0.380849982,1,1,1,1,0,0,1,0,0,0,1,1,0,1,0,0,0
-0.648210373,1,1,1,1,0,0,1,0,1,1,0,1,0,1,0,0,0
-0.722367673,1,1,1,1,0,0,0,1,0,0,1,1,0,1,0,0,0
-0.862607424,1,1,1,1,0,0,0,0,0,0,1,1,0,1,0,0,0
-0.952581105,1,1,1,1,0,0,1,1,1,1,0,1,0,1,0,0,0
-1.049691773,1,1,1,1,0,0,0,1,1,1,0,1,0,1,0,0,0
0.193605047,1,1,1,1,0,0,1,1,0,1,0,1,0,1,0,0,0
0.15314141,1,1,1,1,0,0,0,1,0,1,0,1,0,1,0,0,0
1.373365005,1,1,1,1,1,0,0,0,0,1,1,0,1,0,0,0,0
-0.038380123,1,1,1,1,1,0,0,1,1,1,1,0,0,1,1,0,0
0.623709804,1,1,1,1,1,0,0,0,0,0,0,1,0,1,1,0,0
0.024233419,1,1,1,1,1,0,1,1,1,1,1,0,0,1,1,0,0
0.252454943,1,1,1,1,1,0,1,0,1,0,0,1,0,1,1,0,0
0.267736593,1,1,1,1,1,0,0,0,1,0,0,1,0,1,1,0,0
0.311928052,1,1,1,1,1,0,1,1,1,0,0,1,0,1,1,0,0
0.326135139,1,1,1,1,1,0,0,1,1,0,0,1,0,1,1,0,0
0.695811861,1,1,1,1,1,0,0,1,1,1,1,0,1,0,0,0,0
0.695811861,1,1,1,1,1,0,1,1,1,1,1,0,1,0,0,0,0
0.734502676,1,1,1,1,1,0,0,1,0,0,0,1,0,1,1,0,0
0.722448402,1,1,1,1,1,0,1,0,0,0,0,1,0,1,1,0,0
0.460964051,1,1,1,1,1,0,1,1,1,0,1,0,1,0,0,0,0
-0.222100682,1,1,1,1,1,0,1,1,0,0,0,1,0,1,1,0,0
-0.641579845,1,1,1,1,1,0,0,0,1,0,0,1,0,1,0,0,0
-0.550515597,1,1,1,1,1,0,1,0,1,0,0,1,0,1,0,0,0
1.248077505,1,1,1,1,1,0,1,0,1,1,1,0,1,0,0,0,0
-0.086932449,1,1,1,1,1,0,1,1,0,0,0,1,0,1,0,0,0
1.356808558,1,1,1,1,1,0,0,1,1,0,0,1,0,1,0,0,0
0.436528225,1,1,1,1,1,0,1,0,0,1,1,0,1,0,0,0,0
0.387228153,1,1,1,1,1,0,0,1,1,0,1,0,1,0,0,0,0
-0.041763666,1,1,1,1,1,0,1,0,0,0,0,1,0,1,0,0,0
-0.234515965,1,1,1,1,1,0,0,1,0,0,0,1,0,1,0,0,0
0.665779478,1,1,1,1,1,0,1,1,0,1,1,0,1,0,0,0,0
1.085046515,1,1,1,1,1,0,0,1,0,0,0,1,1,1,0,1,0
0.666708939,1,1,1,1,1,0,0,0,1,1,1,0,1,0,0,0,0
1.482789755,1,1,1,1,1,0,0,1,0,1,1,0,1,0,0,0,0
0.518511831,0,1,0,0,0,1,0,1,0,1,0,1,0,0,0,0,0
1.290340256,0,1,0,0,0,1,0,0,1,1,1,1,0,0,0,0,0
1.322044358,0,1,0,0,0,1,1,0,0,0,0,0,1,0,0,0,0
1.212829152,0,1,0,0,0,1,1,1,1,1,1,1,1,1,1,1,0
0.722020024,0,1,0,0,0,1,0,0,1,1,1,0,1,0,1,1,0
0.632444487,0,1,0,0,0,1,1,1,1,1,1,0,1,0,1,1,0
1.15854295,0,1,0,0,0,1,0,0,0,0,0,1,1,0,1,1,0
0.576667741,0,1,0,0,0,1,0,0,0,0,0,0,0,0,0,0,1
0.553086814,0,1,0,0,0,1,0,0,0,0,1,0,1,1,0,0,0
0.57243693,0,1,0,0,0,1,1,1,0,0,1,0,1,1,0,0,0
0.549811193,0,1,0,0,0,1,1,0,0,0,1,0,1,1,0,0,0
0.548716047,0,1,0,0,0,1,0,1,0,0,1,0,1,1,0,0,0
0.426272393,0,1,0,0,0,1,1,1,1,1,0,0,1,1,0,0,0
0.401352136,0,1,0,0,0,1,1,0,0,0,0,1,1,1,0,1,0
0.857270946,0,1,0,0,0,1,1,1,0,1,1,0,1,0,1,1,0
0.76998078,0,1,0,0,0,1,1,0,0,1,1,0,1,0,1,1,0
0.689549585,0,1,0,0,0,1,0,1,0,1,1,0,1,0,1,1,0
0.650737106,0,1,0,0,0,1,0,1,1,1,1,0,1,0,1,1,0
1.19624821,0,1,0,0,0,1,0,0,0,0,0,0,1,0,0,0,0
1.15770273,0,1,0,0,0,1,1,1,1,1,1,1,0,0,0,0,0
1.152294683,0,1,0,0,0,1,1,1,0,1,1,1,0,0,0,0,0
1.048992741,0,1,0,0,0,1,0,1,0,1,1,1,0,0,0,0,0
0.29441843,0,1,0,0,0,1,0,0,1,1,0,1,0,0,0,0,0
0.494135702,0,1,0,0,0,1,1,1,0,1,0,1,0,0,0,0,0
0.248912333,0,1,0,0,0,1,1,0,1,1,0,1,0,0,0,0,0
0.686848218,0,1,0,0,0,1,1,0,1,1,1,0,1,0,1,1,0
0.894542611,0,1,0,0,0,1,1,0,0,0,0,0,0,0,0,0,1
1.083608598,0,1,0,0,0,1,0,1,1,1,1,1,0,0,0,0,0
1.085046515,0,1,0,0,0,1,1,0,1,1,1,1,0,0,0,0,0
-0.036131424,0,1,0,0,0,1,0,0,0,0,0,1,1,1,0,1,0
0.569247511,0,1,0,0,0,1,0,0,0,1,1,0,1,0,1,1,0
0.471374056,0,1,0,0,0,1,1,1,1,0,1,0,1,0,1,1,0
1.312427671,0,1,0,0,0,1,0,1,0,0,0,0,1,0,0,0,0
-0.531707597,0,0,1,0,1,0,1,0,0,0,1,0,0,1,1,1,0
0.45972987,0,0,1,0,1,0,0,0,0,1,0,1,0,1,1,1,0
0.367293197,0,0,1,0,1,0,0,1,1,0,0,1,0,1,1,1,0
0.300499374,0,0,1,0,1,0,0,0,1,0,0,1,0,1,1,1,0
-0.244283996,0,0,1,0,1,0,1,0,0,0,0,1,0,1,1,1,0
-0.01394695,0,0,1,0,1,0,1,0,0,0,0,0,0,1,1,1,0
-0.381011033,0,0,1,0,1,0,1,0,1,1,1,1,1,0,1,1,0
-0.264120579,0,0,1,0,1,0,0,1,0,1,1,0,0,1,1,1,0
-0.26842445,0,0,1,0,1,0,0,1,1,1,1,1,1,0,1,1,0
0.25213352,0,0,1,0,1,0,0,1,0,0,0,1,0,1,1,1,0
-0.011758253,0,0,1,0,1,0,0,0,0,0,0,1,0,1,1,1,0
-0.023862514,0,0,1,0,1,0,1,0,1,1,1,0,0,1,1,1,0
0.043342794,0,0,1,0,1,0,1,1,1,0,0,0,0,1,1,1,0
-0.245687519,0,0,1,0,1,0,1,1,0,1,1,0,0,1,1,1,0
-0.212553982,0,0,1,0,1,0,1,1,1,1,1,1,1,0,1,1,0
0.091321687,0,0,1,0,1,0,0,1,1,1,1,0,0,1,1,1,0
-0.106125825,0,0,1,0,1,0,1,0,0,1,1,0,0,1,1,1,0
-0.026080867,0,0,1,0,1,0,0,1,0,0,1,0,0,1,1,1,0
-0.148278323,0,0,1,0,1,0,0,0,0,1,1,0,0,1,1,1,0
-0.459678731,0,0,1,0,1,0,1,1,1,0,1,0,0,1,1,1,0
-0.346187073,0,0,1,0,1,0,1,0,1,0,0,0,0,1,1,1,0
-0.255569512,0,0,1,0,1,0,1,1,0,0,1,0,0,1,1,1,0
-0.415412726,0,0,1,0,1,0,0,0,1,0,1,0,0,1,1,1,0
-0.358710878,0,0,1,0,1,0,1,0,1,0,1,0,0,1,1,1,0
-0.531707597,0,0,1,0,1,0,0,1,1,0,1,0,0,1,1,1,0
0.001262987,0,0,1,0,1,0,0,1,1,0,0,0,0,1,1,1,0
0.42044265,0,0,1,0,1,0,1,1,1,0,0,1,0,1,1,1,0
0.302012464,0,0,1,0,1,0,1,0,1,0,0,1,0,1,1,1,0
0.25213352,0,0,1,0,1,0,1,1,0,0,0,1,0,1,1,1,0
-0.161046142,0,0,1,0,1,0,1,1,0,0,0,0,0,1,1,1,0
-0.029418652,0,0,1,0,1,0,0,0,1,1,1,0,0,1,1,1,0
-0.4271436,0,0,1,0,1,0,0,1,0,0,0,0,0,1,1,1,0
-0.444138851,0,0,1,0,1,0,0,0,1,0,0,0,0,1,1,1,0
-0.447571941,0,0,1,0,1,0,0,0,1,1,1,1,1,0,1,1,0
-0.244283996,0,0,1,0,1,0,1,1,1,1,1,0,0,1,1,1,0
-0.05887299,0,0,1,0,1,0,0,0,0,0,0,0,0,1,1,1,0
-0.26842445,0,0,1,0,1,0,0,1,1,1,1,1,1,0,1,1,0
0.229315577,1,0,1,0,1,0,0,1,1,0,0,0,0,1,0,1,0
0.20584964,1,0,1,0,1,0,0,0,1,0,0,0,0,1,0,1,0
0.34883706,1,0,1,0,1,0,1,1,0,0,0,0,0,1,0,1,0
0.695811861,1,0,1,0,1,0,0,1,0,1,1,0,1,1,1,0,0
0.263308902,1,0,1,0,1,0,1,0,1,1,1,0,1,1,1,0,0
-0.158478688,1,0,1,0,1,0,0,0,1,0,1,0,1,1,1,0,0
-0.278541275,1,0,1,0,1,0,0,1,1,0,1,1,1,0,1,0,0
0.441605033,1,0,1,0,1,0,1,1,0,1,1,0,1,1,1,0,0
0.314015699,1,0,1,0,1,0,0,0,1,1,1,0,1,1,1,0,0
0.28829131,1,0,1,0,1,0,0,0,0,0,0,1,1,1,1,0,0
0.229315577,1,0,1,0,1,0,1,0,1,0,0,0,0,1,0,1,0
-0.308035646,1,0,1,0,1,0,0,0,1,1,1,1,1,0,0,0,1
0.229315577,1,0,1,0,1,0,0,0,0,1,0,0,0,1,0,1,0
0.457007573,1,0,1,0,1,0,0,1,0,0,0,0,0,1,0,1,0
0.257740299,1,0,1,0,1,0,1,1,1,0,0,0,1,1,1,0,0
0.456635592,1,0,1,0,1,0,0,1,1,0,0,0,1,1,1,0,0
0.314015699,1,0,1,0,1,0,0,0,1,0,0,0,1,1,1,0,0
0.414568388,1,0,1,0,1,0,1,1,0,0,0,1,1,1,1,0,0
0.224342768,1,0,1,0,1,0,1,1,1,0,0,0,0,1,0,1,0
0.428849249,1,0,1,0,1,0,0,1,0,0,0,1,1,1,1,0,0
0.387906572,1,0,1,0,1,0,1,1,1,1,1,0,1,1,1,0,0
0.097137544,1,0,1,0,1,0,0,1,1,1,1,0,1,1,1,0,0
0.484635863,1,0,1,0,1,0,1,1,0,0,0,0,1,1,1,0,0
-0.070460196,1,0,1,0,1,0,0,1,0,0,0,0,1,1,1,0,0
0.314015699,1,0,1,0,1,0,1,0,1,0,0,0,1,1,1,0,0
0.484635863,1,0,1,0,1,0,1,0,0,1,1,0,1,1,1,0,0
0.706416056,1,0,1,0,1,0,0,0,1,0,0,1,1,1,1,0,0
0.114354026,1,0,1,0,1,0,0,0,0,1,1,0,1,1,1,0,0
0.030927059,1,0,1,0,1,0,1,1,1,0,1,0,1,1,1,0,0
0.263308902,1,0,1,0,1,0,1,0,0,0,0,1,1,1,1,0,0
-0.070460196,1,0,1,0,1,0,0,1,1,0,1,0,1,1,1,0,0
-0.158478688,1,0,1,0,1,0,1,0,1,0,1,0,1,1,1,0,0
0.039017104,1,0,0,1,0,0,0,1,0,0,1,1,0,0,1,0,0
-0.043120626,1,0,0,1,0,0,0,1,0,1,1,0,1,1,0,1,0
-0.558515739,1,0,0,1,0,0,1,1,0,0,1,1,0,0,1,0,0
-0.195206286,1,0,0,1,0,0,1,0,0,1,1,1,0,0,1,0,0
-0.39593874,1,0,0,1,0,0,0,1,1,1,1,1,1,0,0,0,1
-0.692535092,1,0,0,1,0,0,1,0,1,1,1,1,1,0,0,0,1
0.393245402,1,0,0,1,0,0,0,0,1,1,0,1,0,1,1,0,0
0.351682885,1,0,0,1,0,0,1,1,0,1,0,1,0,1,1,0,0
-0.613239964,1,0,0,1,0,0,0,1,1,0,1,1,0,0,1,0,0
-0.778214605,1,0,0,1,0,0,1,0,0,0,1,1,0,0,1,0,0
0.079571767,1,0,0,1,0,0,1,0,0,1,1,0,1,1,0,1,0
0.441478524,1,0,0,1,0,0,1,1,1,0,1,1,0,0,1,0,0
-0.249910333,1,0,0,1,0,0,0,0,0,0,0,0,0,1,0,0,1
-0.39593874,1,0,0,1,0,0,1,1,1,1,1,1,1,0,0,0,1
0.503399748,1,0,0,1,0,0,1,0,1,1,0,1,0,1,1,0,0
0.655425543,1,0,0,1,0,0,0,0,0,0,1,1,0,1,1,0,0
0.513872562,1,0,0,1,0,0,0,1,0,1,1,1,0,0,1,0,0
-0.19533956,1,0,0,1,0,0,0,0,0,1,1,1,0,0,1,0,0
0.028736275,1,0,0,1,0,0,1,0,1,0,1,1,0,0,1,0,0
-0.320388307,1,0,0,1,0,0,0,0,1,0,1,1,0,0,1,0,0
0.743860857,1,0,0,1,0,0,0,1,1,1,0,1,0,1,1,0,0
-0.043120626,1,0,0,1,0,0,1,1,1,0,1,0,1,1,0,1,0
0.095009592,1,0,0,1,0,0,0,0,0,1,1,0,1,1,0,1,0
0.992856301,1,0,0,1,0,0,0,1,0,0,1,1,0,1,1,0,0
-0.1185726,1,0,0,1,0,0,1,0,0,0,0,0,0,1,0,0,1
0.735511572,1,0,0,1,0,0,1,0,0,0,1,1,0,1,1,0,0
0.489282095,1,0,0,1,0,0,1,1,1,1,0,1,0,1,1,0,0
0.502116696,1,0,0,1,1,0,0,0,0,0,0,1,1,0,1,0,0
1.060597211,1,0,0,1,1,0,1,0,1,0,1,0,0,0,0,1,0
0.64501176,1,0,0,1,1,0,0,0,0,1,1,1,0,0,1,1,0
1.49772421,1,0,0,1,1,0,1,1,1,0,1,0,0,0,0,1,0
0.350403532,1,0,0,1,1,0,0,1,0,1,1,0,0,0,0,1,0
1.267593731,1,0,0,1,1,0,0,0,1,0,1,0,0,0,0,1,0
1.159800871,1,0,0,1,1,0,1,1,0,0,1,0,0,0,0,1,0
1.002888748,1,0,0,1,1,0,0,0,0,0,1,0,0,0,0,1,0
0.778701123,1,0,0,1,1,0,1,0,0,0,1,0,0,0,0,1,0
0.681413542,1,0,0,1,1,0,1,1,1,1,0,0,0,0,0,1,0
1.185968283,1,0,0,1,1,0,0,1,0,0,1,0,0,0,0,1,0
-0.264120579,1,0,0,1,1,0,0,0,0,1,0,1,1,0,1,0,0
0.766781146,1,0,0,1,1,0,1,1,1,1,1,0,1,0,1,0,0
0.599503402,1,0,0,1,1,0,0,1,0,0,0,1,1,0,1,0,0
0.424980712,1,0,0,1,1,0,0,0,1,0,0,1,1,0,1,0,0
0.381095668,1,0,0,1,1,0,1,1,0,0,0,1,1,0,1,0,0
0.172909017,1,0,0,1,1,0,1,0,0,0,0,1,1,0,1,0,0
0.024653255,1,0,0,1,1,0,0,0,0,1,1,0,0,0,0,1,0
-0.369799123,1,0,0,1,1,0,0,1,1,1,0,0,0,0,0,1,0
-0.425459487,1,0,0,1,1,0,0,1,1,0,0,1,1,0,1,0,0
-0.016140989,1,0,0,1,1,0,1,0,1,0,0,1,1,0,1,0,0
-0.366618536,1,0,0,1,1,0,1,1,1,0,0,1,1,0,1,0,0
0.193863778,1,0,0,1,1,0,1,0,0,1,1,0,0,0,0,1,0
1.623684528,1,0,0,1,1,0,0,1,0,1,0,0,0,0,0,1,0
1.582287469,1,0,0,1,1,0,0,1,1,0,1,0,0,0,0,1,0
1.664579005,1,0,0,1,1,0,0,0,1,1,0,0,0,0,0,1,0
1.628598889,1,0,0,1,1,0,1,0,1,1,0,0,0,0,0,1,0
1.680662463,1,0,0,1,1,0,1,1,0,1,0,0,0,0,0,1,0
-0.100566778,0,1,1,0,1,0,1,0,0,1,0,1,1,0,0,0,1
-0.003272958,0,1,1,0,1,0,0,1,0,0,1,0,1,0,0,0,1
0.508046831,0,1,1,0,1,0,0,0,1,0,0,0,1,0,0,1,0
-0.434586812,0,1,1,0,1,0,1,0,0,0,0,0,1,0,0,1,0
0.015370725,0,1,1,0,1,0,0,0,0,0,0,0,1,0,0,1,0
-0.633758297,0,1,1,0,1,0,0,1,1,0,0,1,1,1,0,0,0
0.200562827,0,1,1,0,1,0,1,0,0,0,0,1,1,0,0,0,1
0.200562827,0,1,1,0,1,0,0,1,0,0,0,1,1,0,0,0,1
-0.293472749,0,1,1,0,1,0,0,1,1,0,0,1,1,0,0,0,1
-0.741428757,0,1,1,0,1,0,1,1,0,0,0,1,1,0,0,0,1
-0.100566778,0,1,1,0,1,0,1,1,1,1,1,0,1,0,0,0,1
-0.003272958,0,1,1,0,1,0,1,1,0,0,1,0,1,0,0,0,1
-1.004827678,0,1,1,0,1,0,1,1,0,1,1,1,1,1,0,0,0
-0.633553226,0,1,1,0,1,0,1,1,1,0,0,1,1,1,0,0,0
-0.504837546,0,1,1,0,1,0,1,1,1,1,1,1,0,0,0,1,0
-0.133182656,0,1,1,0,1,0,0,0,0,0,0,1,1,0,0,0,1
-0.727716637,0,1,1,0,1,0,0,1,0,1,1,1,1,1,0,0,0
0.227992416,0,1,1,0,1,0,1,1,1,0,0,0,1,0,0,1,0
0.548606442,0,1,1,0,1,0,0,1,1,0,0,0,1,0,0,1,0
-0.741428757,0,1,1,0,1,0,0,0,0,1,0,1,1,0,0,0,1
-0.19533956,0,1,1,0,1,0,0,0,1,1,1,1,0,0,0,1,0
0.580769067,0,1,1,0,1,0,1,0,1,0,0,0,1,0,0,1,0
0.069458159,0,1,1,0,1,0,0,0,1,0,1,0,1,0,0,0,1
0.225671776,0,1,1,0,1,0,1,0,0,1,1,0,1,0,0,0,1
0.174322363,0,1,1,0,1,0,0,0,0,1,1,0,1,0,0,0,1
-0.350240129,0,1,1,0,1,0,0,0,1,0,0,1,1,0,0,0,1
-0.845123542,0,1,1,0,1,0,0,0,1,1,1,1,1,0,0,0,0
-0.391697654,0,1,1,0,1,0,0,1,0,0,0,0,1,0,0,1,0
-0.590343427,0,1,1,0,1,0,0,1,0,1,1,1,0,0,0,1,0
-0.590343427,0,1,1,0,1,0,1,0,0,1,1,1,0,0,0,1,0
-0.938528138,0,1,1,0,1,0,0,1,1,1,1,0,1,0,0,0,1
-0.051076878,0,1,1,0,1,0,1,0,1,0,0,1,1,0,0,0,1
0.321722492,0,1,1,0,1,0,1,1,0,1,1,0,1,0,0,0,1
0.276208329,0,1,1,0,1,0,0,1,0,1,1,0,1,0,0,0,1
0.225671776,0,1,1,0,1,0,1,1,1,0,1,0,1,0,0,0,1
0.174322363,0,1,1,0,1,0,0,1,1,0,1,0,1,0,0,0,1
-0.051076878,0,1,1,0,1,0,1,1,1,0,0,1,1,0,0,0,1
-0.215271933,0,1,1,0,1,0,1,1,0,1,1,1,0,0,0,1,0
0.127324077,0,1,1,0,1,0,1,0,1,0,1,0,1,0,0,0,1
-0.035233505,1,1,1,0,0,1,0,0,0,0,1,0,0,1,0,1,0
-1.290966332,1,1,1,0,0,1,1,0,1,1,0,1,1,0,1,1,0
-1.148237568,1,1,1,0,0,1,0,1,1,1,0,0,0,1,0,1,0
-0.092887631,1,1,1,0,0,1,1,1,1,1,0,0,0,1,0,1,0
-0.415746029,1,1,1,0,0,1,1,0,1,0,1,0,0,1,0,1,0
-0.621116788,1,1,1,0,0,1,0,0,1,0,1,0,0,1,0,1,0
-0.842647426,1,1,1,0,0,1,0,1,1,1,1,1,0,0,0,1,0
-0.528729183,1,1,1,0,0,1,1,0,1,0,1,1,1,0,0,0,0
-0.595873445,1,1,1,0,0,1,1,1,0,0,1,1,1,0,0,0,0
-0.542952177,1,1,1,0,0,1,0,1,1,0,1,0,0,1,0,1,0
-0.183419062,1,1,1,0,0,1,1,0,0,0,1,0,0,1,0,1,0
-0.178692417,1,1,1,0,0,1,1,1,1,0,1,1,1,0,0,0,0
-0.280577269,1,1,1,0,0,1,0,0,0,1,1,1,1,0,0,0,0
-0.332896959,1,1,1,0,0,1,0,0,1,0,1,1,1,0,0,0,0
-0.33905636,1,1,1,0,0,1,0,1,1,0,1,1,1,0,0,0,0
-0.621116788,1,1,1,0,0,1,1,1,0,0,1,0,0,1,0,1,0
-0.249910333,1,1,1,0,0,1,0,1,1,1,1,1,1,1,1,1,0
-1.004259614,1,1,1,0,0,1,1,0,1,0,1,0,1,0,0,0,0
-0.842647426,1,1,1,0,0,1,1,0,1,1,1,1,0,0,0,1,0
-0.275929781,1,1,1,0,0,1,0,1,0,1,1,1,1,0,0,0,0
-0.334125793,1,1,1,0,0,1,1,0,0,1,1,1,1,0,0,0,0
0.118133659,1,1,1,0,0,1,1,0,1,1,0,0,0,0,1,1,0
-0.402498346,1,1,1,0,0,1,0,1,0,0,1,0,0,1,0,1,0
-1.215216977,1,1,1,0,0,1,0,1,0,1,0,0,0,0,0,0,1
-0.829857197,1,1,1,0,0,1,1,1,0,1,0,0,0,0,0,0,1
-0.634168555,1,1,1,0,0,1,0,0,1,1,0,0,0,0,0,0,1
-1.215216977,1,1,1,0,0,1,1,0,0,1,0,0,0,0,0,0,1
-1.125434402,1,1,1,0,0,1,1,0,0,0,0,1,1,0,1,1,0
-0.930496408,1,1,1,0,0,1,1,0,1,1,1,1,0,1,0,1,0
-1.717413171,1,1,1,0,0,1,0,0,1,1,1,1,0,1,0,1,0
1.256531587,0,0,1,1,1,0,0,1,1,0,1,0,1,0,0,1,0
0.361703469,0,0,1,1,1,0,1,0,1,1,0,0,1,0,0,1,0
0.854613217,0,0,1,1,1,0,0,1,0,1,0,0,1,0,0,1,0
1.266909234,0,0,1,1,1,0,1,0,0,1,0,0,1,0,0,1,0
0.646925406,0,0,1,1,1,0,1,1,0,1,0,0,0,1,1,1,0
0.461580389,0,0,1,1,1,0,1,1,1,1,0,0,1,1,0,1,0
0.393312747,0,0,1,1,1,0,1,1,0,1,1,0,0,0,0,1,0
0.782548999,0,0,1,1,1,0,1,0,1,1,1,0,0,0,0,1,0
0.703692323,0,0,1,1,1,0,0,0,1,1,1,0,0,0,0,1,0
0.625583587,0,0,1,1,1,0,1,0,0,0,1,0,1,0,0,1,0
1.346036904,0,0,1,1,1,0,0,0,1,0,0,1,1,1,0,1,0
0.625583587,0,0,1,1,1,0,0,1,0,0,1,0,1,0,0,1,0
0.375466055,0,0,1,1,1,0,1,1,0,0,0,1,0,0,0,1,0
1.08072186,0,0,1,1,1,0,1,1,0,0,1,0,1,1,0,1,0
0.255342094,0,0,1,1,1,0,1,1,1,1,0,0,1,0,0,1,0
0.089374368,0,0,1,1,1,0,0,1,1,1,0,0,1,0,0,1,0
0.855873519,0,0,1,1,1,0,1,1,1,1,0,0,0,1,1,1,0
0.417184704,0,0,1,1,1,0,0,0,1,0,0,1,0,0,0,1,0
0.424851425,0,0,1,1,1,0,0,1,1,1,1,0,0,0,0,1,0
0.579824674,0,0,1,1,1,0,1,0,1,1,0,0,0,1,1,1,0
0.988948034,0,0,1,1,1,0,0,0,0,0,1,0,0,1,1,1,0
0.336047587,0,0,1,1,1,0,1,1,1,1,1,0,0,0,0,1,0
0.089374368,0,0,1,1,1,0,0,0,0,0,1,0,1,0,0,1,0
1.283754306,0,0,1,1,1,0,1,1,0,0,0,1,1,1,0,1,0
0.887927412,0,0,1,1,1,0,1,1,0,1,0,0,1,0,0,1,0
0.804191951,0,0,1,1,1,0,1,0,0,0,1,0,1,1,0,1,0
0.461580389,0,0,1,1,1,0,0,0,0,0,1,0,1,1,0,1,0
1.042329684,0,0,1,1,1,0,0,1,0,0,1,0,1,1,0,1,0
0.089374368,0,0,1,1,1,0,0,0,1,1,0,0,1,0,0,1,0
0.767582498,0,0,1,1,1,0,1,0,1,0,0,1,0,0,0,1,0
0.509319702,0,0,1,1,1,0,1,0,0,0,0,1,0,0,0,1,0
0.401352136,0,0,1,1,1,0,0,1,0,0,0,1,0,0,0,1,0
0.477431155,0,0,1,1,1,0,0,0,0,0,0,1,0,0,0,1,0
0.646925406,0,0,1,1,1,0,0,0,1,1,0,0,0,1,1,1,0
0.781059621,0,0,1,1,1,0,0,1,1,1,0,0,0,1,1,1,0
-0.840176646,0,0,1,0,0,1,1,0,1,1,0,1,1,0,0,0,1
-0.369799123,0,0,1,0,0,1,0,0,1,0,1,0,1,1,0,1,0
-0.329525478,0,0,1,0,0,1,0,1,0,0,1,1,1,0,0,0,0
-1.298146843,0,0,1,0,0,1,1,1,1,0,1,1,1,1,1,0,0
-2.715806589,0,0,1,0,0,1,1,1,1,0,1,1,0,1,1,1,0
-1.379888703,0,0,1,0,0,1,1,0,1,0,1,1,1,1,1,0,0
-0.801831404,0,0,1,0,0,1,0,1,1,1,0,0,1,1,0,1,0
-0.943643445,0,0,1,0,0,1,0,0,1,0,1,1,0,1,0,0,0
-0.821085516,0,0,1,0,0,1,1,1,0,0,0,0,1,0,1,1,0
-1.208154019,0,0,1,0,0,1,1,0,1,1,0,0,1,1,0,1,0
-0.925172311,0,0,1,0,0,1,0,0,1,1,0,0,1,1,0,1,0
-1.37300397,0,0,1,0,0,1,1,1,0,1,0,0,1,1,0,1,0
-0.970662059,0,0,1,0,0,1,1,1,1,1,0,1,1,0,0,0,1
-1.087127259,0,0,1,0,0,1,1,1,0,0,1,1,0,1,0,0,0
-0.422435061,0,0,1,0,0,1,1,1,0,1,0,1,1,0,0,0,1
-0.495431471,0,0,1,0,0,1,1,0,0,0,1,1,1,0,0,0,0
-0.684126835,0,0,1,0,0,1,0,1,1,0,1,1,1,1,1,0,0
-0.552795199,0,0,1,0,0,1,0,0,1,1,0,1,1,0,0,0,1
-0.743239639,0,0,1,0,0,1,0,1,1,1,0,1,1,0,0,0,1
-0.169049943,0,0,1,0,0,1,0,0,1,0,0,1,1,1,1,1,0
-0.264406913,0,0,1,0,0,1,1,1,0,0,0,1,1,1,1,1,0
-0.422435061,0,0,1,0,0,1,0,1,0,1,0,1,1,0,0,0,1
-1.033288993,0,0,1,0,0,1,0,0,0,0,1,1,0,0,1,0,0
-0.072795352,0,0,1,1,0,0,1,1,1,0,1,0,1,1,0,0,0
0.252374599,0,0,1,1,0,0,0,0,0,0,1,1,1,0,1,0,0
0.252294247,0,0,1,1,0,0,1,1,1,1,0,1,1,0,1,0,0
0.212453495,0,0,1,1,0,0,0,1,1,1,0,1,1,0,1,0,0
0.565615789,0,0,1,1,0,0,0,0,0,1,1,0,1,1,0,0,0
-0.370117736,0,0,1,1,0,0,0,0,1,0,1,1,1,0,0,1,0
-0.370117736,0,0,1,1,0,0,1,1,0,0,1,1,1,0,0,1,0
-0.601432115,0,0,1,1,0,0,0,1,0,0,1,1,1,0,1,0,0
-0.257273719,0,0,1,1,0,0,0,1,0,0,0,1,1,1,0,0,0
-0.432890415,0,0,1,1,0,0,0,1,1,1,1,0,1,1,0,0,0
-0.179478557,0,0,1,1,0,0,1,0,0,1,0,1,1,0,1,0,0
-0.750512658,0,0,1,1,0,0,1,0,0,0,1,1,1,0,0,1,0
0.323490479,0,0,1,1,0,0,1,1,0,0,0,1,1,1,0,0,0
-0.973979395,0,0,1,1,0,0,0,1,1,0,1,0,1,1,0,0,0
-0.448259936,0,0,1,1,0,0,1,0,1,1,1,0,1,1,0,0,0
-0.43272093,0,0,1,1,0,0,0,0,1,1,1,0,1,1,0,0,0
-0.570823496,0,0,1,1,0,0,1,1,0,1,1,0,1,1,0,0,0
-0.543329066,0,0,1,1,0,0,0,1,0,0,1,1,1,0,0,1,0
-1.004827678,0,0,1,1,0,0,0,0,0,0,1,1,1,0,0,1,0
0.504447876,0,0,1,1,0,0,1,0,0,0,1,1,1,0,1,0,0
0.137523757,0,0,1,1,0,0,1,0,0,1,1,0,1,1,0,0,0
-1.004827678,0,0,1,1,0,0,1,1,1,1,0,1,1,0,0,1,0
-0.174249893,0,0,1,1,0,0,1,0,1,1,0,1,1,0,1,0,0
0.323490479,0,0,1,1,0,0,0,0,1,0,0,1,1,1,0,0,0
-0.200417798,0,0,1,1,0,0,0,0,1,1,0,1,1,0,1,0,0
0.323490479,0,0,1,1,0,0,1,0,1,0,0,1,1,1,0,0,0
-0.449637309,0,0,1,1,0,0,1,1,0,1,0,1,1,0,1,0,0
-0.156173945,0,0,1,1,0,0,0,1,0,1,0,1,1,0,1,0,0
-0.515429723,0,0,1,1,0,0,0,0,0,0,0,1,1,1,0,0,0
-0.4568989,0,0,1,1,0,0,1,1,1,1,1,0,1,1,0,0,0
-0.734664003,0,0,1,1,0,0,0,1,0,1,1,0,1,1,0,0,0
-0.257273719,0,0,1,1,0,0,1,0,0,0,0,1,1,1,0,0,0
-1.004259614,1,0,1,1,1,0,1,0,1,0,1,1,0,1,0,0,0
-0.750056706,1,0,1,1,1,0,0,1,1,1,1,0,0,0,1,1,0
-0.04856883,1,0,1,1,1,0,1,1,1,0,0,0,1,0,1,0,0
-0.145745436,1,0,1,1,1,0,0,1,1,0,0,0,1,0,1,0,0
-0.294948924,1,0,1,1,1,0,1,0,1,0,0,0,1,0,1,0,0
-2.006250486,1,0,1,1,1,0,1,0,0,0,0,0,0,0,0,0,0
-0.937990977,1,0,1,1,1,0,1,1,1,1,1,1,0,0,1,0,0
-1.120423805,1,0,1,1,1,0,0,1,0,0,0,1,0,0,1,1,0
-1.038829246,1,0,1,1,1,0,1,0,1,1,0,0,0,0,0,0,0
-1.174729856,1,0,1,1,1,0,1,1,0,1,0,0,0,0,0,0,0
-1.05353165,1,0,1,1,1,0,1,0,0,1,0,0,0,0,0,0,0
-1.11108364,1,0,1,1,1,0,0,0,0,1,0,0,0,0,0,0,0
-0.731969555,1,0,1,1,1,0,0,1,1,1,1,1,0,0,1,0,0
-0.728834251,1,0,1,1,1,0,1,0,1,1,1,0,0,0,1,1,0
-0.774481333,1,0,1,1,1,0,0,0,1,1,1,0,0,0,1,1,0
-0.716380724,1,0,1,1,1,0,1,0,0,0,0,1,0,0,1,1,0
-0.87271868,1,0,1,1,1,0,0,1,1,0,0,1,0,0,0,0,0
-0.402169357,1,0,1,1,1,0,1,1,0,0,0,0,1,0,1,0,0
-1.287391116,1,0,1,1,1,0,0,0,1,1,0,0,0,0,0,0,0
-1.123553036,1,0,1,1,1,0,1,1,1,1,1,0,0,0,1,1,0
-1.521431439,1,0,1,1,1,0,0,1,0,1,0,0,0,0,0,0,0
-1.438711209,1,0,1,1,1,0,1,1,1,0,0,0,0,0,0,0,0
-1.207818676,1,0,1,1,1,0,0,0,0,0,0,0,1,0,1,0,0
-0.591131685,1,0,1,1,1,0,0,0,1,0,0,0,1,0,1,0,0
-0.919343623,1,0,1,1,1,0,0,0,0,0,0,1,0,0,1,1,0
-0.435606001,1,0,1,1,1,0,1,0,1,1,1,1,0,0,1,0,0
-0.845123542,1,0,1,1,1,0,0,1,0,0,0,0,1,0,1,0,0
-0.993517443,1,0,1,1,1,0,1,0,0,0,0,0,1,0,1,0,0
0.018123393,1,1,0,1,0,0,1,0,1,1,0,0,1,0,1,1,0
-0.19587284,1,1,0,1,0,0,0,0,0,0,1,0,0,0,0,0,0
-0.094083296,1,1,0,1,0,0,1,0,1,0,1,0,0,0,0,0,0
-0.845123542,1,1,0,1,0,0,0,0,1,1,0,0,1,0,0,0,1
-0.222374844,1,1,0,1,0,0,1,1,1,0,0,0,1,0,1,1,0
-0.661593767,1,1,0,1,0,0,0,1,1,0,0,0,1,0,1,1,0
-0.156173945,1,1,0,1,0,0,0,1,1,1,0,0,1,0,1,1,0
-0.118818329,1,1,0,1,0,0,0,0,1,1,0,0,1,0,1,1,0
-0.414413473,1,1,0,1,0,0,0,0,1,0,1,0,1,0,1,1,0
-0.692751535,1,1,0,1,0,0,0,1,0,0,1,0,0,0,0,0,0
-0.204446104,1,1,0,1,0,0,0,1,0,1,0,0,1,0,1,1,0
0.018123393,1,1,0,1,0,0,0,0,0,0,1,0,1,0,1,1,0
-0.208761757,1,1,0,1,0,0,1,0,0,0,1,0,1,0,1,1,0
-0.519475614,1,1,0,1,0,0,1,1,0,0,1,0,1,0,1,1,0
-0.661593767,1,1,0,1,0,0,0,1,0,0,1,0,1,0,1,1,0
-0.818660861,1,1,0,1,0,0,1,0,0,0,1,0,0,0,0,0,0
-0.581710688,1,1,0,1,0,0,0,0,1,0,1,0,0,0,0,0,0
-0.67344028,1,1,0,1,0,0,1,1,0,0,1,0,0,0,0,0,0
-0.106368281,1,1,0,1,0,0,1,1,1,1,0,0,1,0,1,1,0
-0.19587284,1,1,0,1,0,0,0,1,1,0,1,0,0,0,0,0,0
-0.282909318,1,1,0,1,0,0,1,0,0,1,0,0,1,0,1,1,0
-0.118818329,1,1,0,1,0,0,1,1,0,1,0,0,1,0,1,1,0
-0.72794007,1,1,0,1,0,0,0,1,1,1,0,0,1,0,0,0,1
-1.008241743,1,1,0,1,0,0,1,0,1,1,0,0,1,0,0,0,1
-0.739169277,1,1,0,1,0,0,1,1,1,1,0,0,1,0,0,0,1
-0.267849501,1,1,0,1,0,0,0,0,0,1,0,0,1,0,1,1,0
-0.818660861,1,1,0,1,0,0,1,1,1,1,0,0,0,0,0,0,0
0.944471786,1,1,0,0,0,0,1,0,1,0,1,1,0,0,0,0,1
1.588694467,1,1,0,0,0,0,1,1,0,1,0,1,0,0,0,0,1
2.348524627,1,1,0,0,0,0,0,0,1,0,1,0,1,0,1,0,0
1.325717894,1,1,0,0,0,0,1,1,0,0,1,0,1,0,1,0,0
1.556387733,1,1,0,0,0,0,0,1,1,0,1,0,1,0,1,0,0
2.451850553,1,1,0,0,0,0,0,1,0,0,1,1,0,0,0,0,1
1.567154258,1,1,0,0,0,0,1,1,0,0,1,1,0,0,0,0,1
1.076267044,1,1,0,0,0,0,1,1,0,1,1,1,0,0,0,0,1
1.491749699,1,1,0,0,0,0,0,0,1,1,0,1,0,0,0,0,1
2.348524627,1,1,0,0,0,0,0,0,1,0,1,0,1,0,1,0,0
1.598880743,1,1,0,0,0,0,0,1,0,1,1,0,1,0,1,0,0
1.745273222,1,1,0,0,0,0,0,0,1,0,1,1,0,0,0,0,1
2.468741527,1,1,0,0,0,0,1,0,0,0,1,1,0,0,0,0,1
1.491749699,1,1,0,0,0,0,0,1,0,1,0,1,0,0,0,0,1
1.241214218,1,1,0,0,0,0,1,1,0,1,1,0,1,0,1,0,0
2.468741527,1,1,0,0,0,0,1,0,0,1,0,1,0,1,1,1,0
1.556387733,1,1,0,0,0,0,1,0,1,0,1,0,1,0,1,0,0
1.130116812,1,1,0,0,0,0,1,0,0,1,1,1,0,0,0,0,1
1.172632826,1,1,0,0,0,0,0,1,0,1,1,1,0,0,0,0,1
1.077820479,1,1,0,0,0,0,1,1,1,0,1,1,0,0,0,0,1
1.323578284,1,1,0,0,0,0,1,1,1,1,0,0,1,0,1,0,0
1.486129866,1,1,0,0,0,0,0,0,0,0,1,0,1,0,1,0,0
1.156439985,1,1,0,0,0,0,0,1,1,1,1,0,1,0,1,0,0
2.18700651,1,1,0,0,0,0,0,1,1,0,1,1,0,0,0,0,1
2.18700651,1,1,0,0,0,0,1,1,1,1,0,1,0,0,0,0,1
1.168938376,1,1,0,0,0,0,0,0,1,1,1,0,1,0,1,0,0
1.273713652,1,1,0,0,0,0,1,0,0,0,1,0,1,0,1,0,0
1.325717894,1,1,0,0,0,0,0,1,0,0,1,0,1,0,1,0,0
1.008920854,1,1,0,0,0,0,0,0,0,1,1,1,0,0,0,0,1
1.416492666,1,1,0,0,0,0,0,1,1,1,0,0,1,0,1,0,0
0.944471786,1,1,0,0,0,0,1,0,1,0,1,1,0,0,0,0,1
1.556387733,1,1,0,0,0,0,1,1,1,0,1,0,1,0,1,0,0
2.475023752,1,1,0,0,0,0,0,0,0,0,1,1,0,0,0,0,1
1.617894316,1,1,0,0,0,0,0,0,0,1,1,0,1,0,1,0,0
1.590580583,1,1,0,0,0,0,1,0,0,1,1,0,1,0,1,0,0
1.156439985,1,1,0,0,0,0,1,0,1,1,1,0,1,0,1,0,0
1.799032908,1,0,1,1,0,0,1,1,0,0,0,0,1,1,0,1,0
1.950008182,1,0,1,1,0,0,0,0,0,1,1,0,1,1,1,1,0
1.950008182,1,0,1,1,0,0,1,1,1,0,1,0,1,1,1,1,0
1.881426251,1,0,1,1,0,0,0,1,1,0,1,1,0,0,0,0,0
1.292364745,1,0,1,1,0,0,1,1,0,1,1,1,0,1,1,1,0
1.931670147,1,0,1,1,0,0,1,1,1,0,1,1,0,0,0,0,0
1.640639223,1,0,1,1,0,0,1,1,0,0,0,0,0,0,0,0,0
2.296282032,1,0,1,1,0,0,0,1,0,1,0,0,0,0,1,1,0
1.71074416,1,0,1,1,0,0,0,0,0,1,1,1,0,0,0,0,0
1.495599587,1,0,1,1,0,0,0,1,1,0,0,1,1,1,1,0,0
1.609968938,1,0,1,1,0,0,1,0,1,0,0,0,0,0,0,0,0
1.541100851,1,0,1,1,0,0,1,0,1,0,0,1,1,1,1,0,0
1.668583886,1,0,1,1,0,0,0,1,1,0,0,0,0,0,0,0,0
1.902019641,1,0,1,1,0,0,1,0,0,1,1,1,0,0,0,0,0
2.371343843,1,0,1,1,0,0,1,0,1,1,0,0,1,0,1,0,0
1.640639223,1,0,1,1,0,0,0,0,1,0,0,0,0,0,0,0,0
1.593308979,1,0,1,1,0,0,0,1,0,0,0,0,0,0,0,0,0
1.549283402,1,0,1,1,0,0,1,1,0,0,1,1,1,0,1,1,0
1.843126844,1,0,1,1,0,0,1,0,0,1,1,0,1,1,1,1,0
1.668583886,1,0,1,1,0,0,0,1,0,0,1,1,1,0,1,1,0
1.419266963,0,0,0,1,1,0,0,0,1,1,1,1,1,0,0,1,0
1.315861193,0,0,0,1,1,0,0,0,1,1,1,0,0,0,0,0,1
1.403074723,0,0,0,1,1,0,1,1,1,1,1,0,0,0,0,0,1
1.834055158,0,0,0,1,1,0,0,1,0,0,0,0,0,1,0,0,0
1.787094658,0,0,0,1,1,0,1,0,0,0,0,0,0,1,0,0,0
1.315861193,0,0,0,1,1,0,0,1,0,1,1,1,1,0,0,1,0
1.343100618,0,0,0,1,1,0,1,1,1,1,1,1,1,0,0,1,0
1.866129179,0,0,0,1,1,0,1,0,1,1,1,1,1,0,0,0,0
1.4267511,0,0,0,1,1,0,1,1,0,1,1,1,1,0,0,1,0
1.65100488,0,0,0,1,1,0,1,0,1,1,1,1,1,0,0,1,0
1.884434551,0,0,0,1,1,0,1,1,1,1,1,1,1,0,0,0,0
2.416223782,0,0,0,1,1,0,0,0,0,1,0,1,0,0,1,0,0
1.834055158,0,0,0,1,1,0,0,1,1,1,1,1,1,0,0,0,0
1.343100618,0,0,0,1,1,0,1,0,0,0,0,0,0,1,0,1,0
1.69299196,0,0,0,1,1,0,0,0,0,0,0,0,0,1,0,0,0
1.857756146,0,0,0,1,1,0,1,1,0,0,0,0,0,1,0,0,0
1.4267511,0,0,0,1,1,0,0,1,1,1,1,0,0,0,0,0,1
1.365269741,0,0,0,1,1,0,1,0,1,1,1,0,0,0,0,0,1
1.315861193,0,0,0,1,1,0,0,0,0,0,0,1,0,0,0,0,1
1.425487185,0,0,0,1,1,0,1,1,0,1,1,0,0,0,0,0,1
1.807183224,0,0,0,1,1,0,1,0,1,0,0,0,0,1,0,0,0
1.343100618,0,0,0,1,1,0,0,0,0,0,0,0,0,1,0,1,0
1.826195713,0,0,0,1,1,0,0,1,1,0,0,0,0,1,0,0,0
2.401523327,0,0,0,1,1,0,0,1,0,1,0,1,0,0,1,0,0
2.49246763,0,0,0,1,1,0,1,1,0,1,1,0,1,1,1,1,0
2.401523327,0,0,0,1,1,0,1,0,0,1,0,1,0,0,1,0,0
1.635973113,0,0,0,1,1,0,0,1,1,1,1,1,1,0,0,1,0
1.767733755,0,0,0,1,1,0,0,0,1,0,0,0,0,1,0,0,0
1.47645698,0,0,0,1,1,0,1,0,0,1,1,1,1,0,0,1,0
1.396075674,0,0,0,1,1,0,0,1,0,1,1,0,0,0,0,0,1
1.156861223,1,0,0,0,1,0,0,0,1,1,0,0,1,0,0,0,0
0.543767491,1,0,0,0,1,0,0,0,0,1,1,1,1,0,0,1,0
-0.422099566,1,0,0,0,1,0,1,1,1,1,1,0,1,1,1,1,0
-0.535442492,1,0,0,0,1,0,1,1,0,1,0,0,1,1,0,0,0
0.571906335,1,0,0,0,1,0,0,0,0,1,0,0,0,1,0,0,1
0.542663254,1,0,0,0,1,0,0,1,1,0,0,0,0,1,0,0,1
-0.418750666,1,0,0,0,1,0,1,1,0,0,1,0,1,1,1,1,0
-0.418750666,1,0,0,0,1,0,0,1,0,0,1,0,1,1,1,1,0
-0.459678731,1,0,0,0,1,0,1,0,0,0,1,0,1,1,1,1,0
-0.459678731,1,0,0,0,1,0,0,0,0,0,1,0,1,1,1,1,0
-0.195073032,1,0,0,0,1,0,0,1,0,1,0,0,1,1,0,0,0
-0.038380123,1,0,0,0,1,0,0,0,1,0,0,0,0,1,0,0,1
-0.079836707,1,0,0,0,1,0,0,0,0,0,0,1,1,1,1,1,0
-0.46316408,1,0,0,0,1,0,0,1,1,1,1,0,1,1,1,1,0
0.684136227,1,0,0,0,1,0,1,1,1,0,1,1,1,0,0,1,0
0.517940652,1,0,0,0,1,0,1,0,1,0,0,0,0,1,0,0,1
0.020445937,1,0,0,0,1,0,1,1,1,0,0,0,0,1,0,0,1
-1.098739714,1,0,0,0,1,0,0,0,0,1,0,0,0,0,0,0,1
-0.736463929,1,0,0,0,1,0,0,0,0,1,0,0,1,0,0,0,0
-0.405464061,1,0,0,0,1,0,0,0,0,1,0,0,1,1,0,0,0
-1.074419795,1,0,0,0,1,0,0,0,1,1,0,0,1,1,0,0,0
-0.082195877,1,0,0,0,1,0,1,0,0,1,0,0,1,1,0,0,0
0.385189344,1,0,0,0,1,0,1,0,1,1,1,0,1,1,1,1,0
1.434847885,1,0,1,0,0,0,1,0,1,1,1,1,1,1,0,0,0
2.02968809,1,0,1,0,0,0,1,1,1,0,1,0,0,1,0,0,0
1.526847104,1,0,1,0,0,0,0,0,0,0,1,1,1,1,1,0,0
1.493892604,1,0,1,0,0,0,1,1,1,1,0,1,1,1,1,0,0
1.375298963,1,0,1,0,0,0,0,0,0,1,0,1,1,1,1,0,0
1.490027984,1,0,1,0,0,0,1,1,0,1,0,1,1,1,1,0,0
1.371978865,1,0,1,0,0,0,0,1,0,1,0,1,1,1,1,0,0
1.347498513,1,0,1,0,0,0,1,0,1,1,0,1,1,1,1,0,0
1.548150892,1,0,1,0,0,0,0,1,1,1,1,1,1,1,0,0,0
1.518431136,1,0,1,0,0,0,0,0,1,1,1,1,1,1,0,0,0
1.479336461,1,0,1,0,0,0,0,0,0,0,0,0,0,0,1,0,0
1.332984727,1,0,1,0,0,0,0,0,1,0,0,0,0,0,1,0,0
-0.716380724,1,0,1,0,0,0,1,0,1,0,1,0,0,1,0,0,0
1.306124222,1,0,1,0,0,0,1,1,1,1,1,0,0,1,0,0,0
1.562646243,1,0,1,0,0,0,1,1,0,1,1,0,0,1,0,0,0
1.470417529,1,0,1,0,0,0,1,0,0,0,0,0,0,0,1,0,0
1.399234033,1,0,1,0,0,0,1,0,1,0,0,0,0,0,1,0,0
1.413192776,1,0,1,0,0,0,1,0,1,1,1,0,0,1,0,0,0
2.319717932,1,0,1,0,0,0,1,1,0,0,1,0,0,1,0,0,0
1.349537502,1,0,1,0,0,0,1,1,1,0,0,1,1,1,1,0,0
2.319717932,1,0,1,0,0,0,0,0,1,1,0,0,0,0,1,1,0
1.300062121,1,0,1,0,0,0,1,1,1,1,1,1,1,1,0,0,0
1.035067958,1,0,1,0,0,0,1,0,0,1,1,0,0,1,0,0,0
1.035067958,1,0,1,0,0,0,0,1,1,0,1,0,0,1,0,0,0
1.410382452,1,0,1,0,0,0,0,0,0,1,1,0,0,1,0,0,0
1.336877006,1,0,1,0,0,0,0,0,1,0,1,0,0,1,0,0,0
1.681018612,1,0,1,0,0,0,0,0,1,1,0,1,1,1,1,0,0
1.450865789,1,0,1,0,0,0,0,0,0,0,0,1,0,1,0,0,0
1.371423297,1,0,1,0,0,0,1,0,0,0,1,1,1,1,1,0,0
1.20247803,1,0,1,0,0,0,0,1,1,1,1,0,0,1,0,0,0
1.30326176,1,0,1,0,0,0,0,1,1,1,0,1,1,1,1,0,0
2.347921543,1,0,1,0,0,0,0,1,0,0,1,0,0,1,0,0,0
1.397920589,1,0,1,0,0,0,0,1,0,0,1,1,1,1,1,0,0
1.380182189,1,0,1,0,0,0,1,1,1,0,0,0,0,0,1,0,0
1.373365005,1,0,1,0,0,0,0,0,0,1,0,0,0,0,1,0,0
1.25827569,1,0,1,0,0,0,1,0,0,1,0,0,0,0,1,0,0
1.25827569,1,0,1,0,0,0,0,1,1,0,0,0,0,0,1,0,0
1.20247803,1,0,1,0,0,0,0,1,0,1,1,0,0,1,0,0,0
1.484604777,1,0,1,0,0,0,1,1,0,0,0,0,0,0,1,0,0
1.319271377,1,0,1,0,0,0,0,0,1,1,1,0,0,1,0,0,0
1.244514116,1,0,1,0,0,0,1,1,0,0,1,1,1,1,1,0,0
1.266223828,1,0,1,0,0,0,1,0,0,1,0,1,1,1,1,0,0
1.530995365,1,0,1,0,0,0,0,1,0,0,0,0,0,0,1,0,0
1.526847104,1,0,1,0,0,0,0,0,1,0,1,1,1,1,1,0,0
2.542977196,1,1,1,0,0,0,1,0,0,0,1,0,1,0,0,0,1
2.542977196,1,1,1,0,0,0,0,0,0,0,1,0,1,0,0,0,1
2.49246763,1,1,1,0,0,0,1,1,0,1,0,1,1,1,0,0,0
2.432197349,1,1,1,0,0,0,1,0,0,1,0,1,1,1,0,0,0
2.462197999,1,1,1,0,0,0,0,0,0,1,0,1,1,1,0,0,0
2.489695622,1,1,1,0,0,0,0,1,0,1,0,1,1,1,0,0,0
1.668583886,1,1,0,0,0,1,0,1,0,1,0,1,1,1,1,1,0
1.642302448,1,1,0,0,0,1,0,0,1,1,1,1,0,0,1,0,0
1.640032715,1,1,0,0,0,1,1,1,1,0,0,1,0,0,0,1,0
1.919995776,1,1,0,0,0,1,1,0,1,1,1,0,1,0,0,0,1
1.882996472,1,1,0,0,0,1,0,1,1,0,0,1,1,0,1,1,0
1.679729467,1,1,0,0,0,1,0,0,0,1,0,1,0,0,0,1,0
1.751017245,1,1,0,0,0,1,1,0,1,0,0,1,1,0,1,1,0
1.756336889,1,1,0,0,0,1,0,0,1,1,1,0,1,0,0,0,1
1.588350625,1,1,0,0,0,1,1,1,0,1,1,1,0,0,1,0,0
1.582287469,1,1,0,0,0,1,1,0,0,1,0,1,0,0,0,1,0
1.718962391,1,1,0,0,0,1,0,0,1,1,0,0,1,0,1,0,0
1.57613596,1,1,0,0,0,1,0,1,1,0,0,1,0,0,0,1,0
1.817520398,0,1,1,1,1,0,0,1,1,1,0,1,0,0,0,0,0
2.24514256,0,1,1,1,1,0,0,0,1,0,0,0,1,0,1,1,0
1.707509215,0,1,1,1,1,0,1,1,0,0,1,1,0,0,0,0,0
1.68082688,0,1,1,1,1,0,0,0,1,0,1,1,0,0,0,0,0
2.164473437,0,1,1,1,1,0,1,0,1,0,0,0,1,0,1,1,0
1.68246727,0,1,1,1,1,0,1,0,0,1,1,1,1,1,1,0,0
1.833022276,0,1,1,1,1,0,0,0,0,0,1,1,0,0,0,0,0
1.392098141,0,1,1,1,1,0,0,0,0,1,0,1,0,0,0,0,0
1.740261686,0,1,1,1,1,0,1,0,1,0,0,1,0,0,0,0,0
1.5534107,0,1,1,1,1,0,1,0,0,0,1,1,0,0,0,0,0
1.534324912,0,1,1,1,1,0,1,0,0,1,0,1,0,0,0,0,0
1.665747716,0,1,1,1,1,0,1,0,1,0,1,1,0,0,0,0,0
1.667168335,0,1,1,1,1,0,1,1,1,1,0,1,0,0,0,0,0
1.296680601,0,1,1,1,1,0,0,0,1,0,0,1,0,0,0,0,0
1.864957453,0,1,1,1,1,0,0,1,0,0,1,1,0,0,0,0,0
1.338663185,0,1,1,1,1,0,0,0,0,0,1,1,1,0,0,0,0
-0.181315423,0,1,0,0,0,0,1,0,0,1,1,1,1,1,1,1,0
0.437419106,0,1,0,0,0,0,1,0,1,0,1,1,1,1,1,1,0
0.387228153,0,1,0,0,0,0,0,0,0,0,1,1,0,0,0,1,0
-0.26928751,0,1,0,0,0,0,1,1,1,1,0,1,0,0,0,1,0
-0.328607965,0,1,0,0,0,0,0,1,1,1,0,1,0,0,0,1,0
-0.621116788,0,1,0,0,0,0,1,1,0,1,0,1,1,1,1,1,0
-0.370117736,0,1,0,0,0,0,1,1,0,0,1,0,0,0,0,0,1
-0.339983565,0,1,0,0,0,0,0,1,0,0,1,1,0,0,0,1,0
0.464654567,0,1,0,0,0,0,0,0,0,1,1,1,1,1,1,1,0
-0.191084031,0,1,0,0,0,0,1,1,0,0,1,1,1,1,1,1,0
-0.332283111,0,1,0,0,0,0,0,1,1,0,1,1,1,1,1,1,0
-0.339983565,0,1,0,0,0,0,1,1,0,1,0,1,0,0,0,1,0
-0.328607965,0,1,0,0,0,0,0,1,0,1,0,1,0,0,0,1,0
-0.278831872,0,1,0,0,0,0,1,1,1,0,1,1,0,0,0,1,0
-0.278831872,0,1,0,0,0,0,1,0,1,1,0,1,0,0,0,1,0
-0.328607965,0,1,0,0,0,0,0,0,1,1,0,1,0,0,0,1,0
-0.278831872,0,1,0,0,0,0,0,0,1,0,1,1,0,0,0,1,0
-0.328607965,0,1,0,0,0,0,0,1,1,0,1,1,0,0,0,1,0
-0.39072146,0,1,0,0,0,0,1,0,0,0,1,1,0,0,0,1,0
-0.335663973,0,1,0,0,0,0,0,0,0,1,1,1,0,0,0,1,0
-0.272747404,0,1,0,0,0,0,0,1,0,0,1,1,1,1,1,1,0
-0.347743995,0,1,0,0,0,0,1,0,1,0,1,1,0,0,0,1,0
-0.181184101,0,1,0,0,0,0,1,0,0,0,1,1,1,1,1,1,0
0.437419106,0,1,0,0,0,0,0,0,1,0,1,1,1,1,1,1,0
-0.191084031,0,1,0,0,0,0,1,1,1,0,1,1,1,1,1,1,0
-0.191084031,0,1,0,0,0,0,0,1,0,1,1,1,1,1,1,1,0
-0.328607965,0,1,0,0,0,0,1,1,0,0,1,1,0,0,0,1,0
-0.593499944,1,1,0,1,1,0,0,1,1,1,1,0,0,0,1,0,0
0.715994209,1,1,0,1,1,0,1,1,0,1,0,1,0,0,1,1,0
0.407724144,1,1,0,1,1,0,0,1,0,1,0,1,0,0,1,1,0
0.35776689,1,1,0,1,1,0,0,0,0,1,0,1,0,0,1,1,0
-0.375549655,1,1,0,1,1,0,1,1,0,0,0,1,0,0,1,1,0
0.380821992,1,1,0,1,1,0,1,0,1,1,0,1,0,0,1,1,0
-0.192943486,1,1,0,1,1,0,0,1,1,1,0,0,0,1,0,0,0
0.196618603,1,1,0,1,1,0,0,1,0,1,0,0,0,1,0,0,0
0.510936572,1,1,0,1,1,0,1,1,1,1,0,1,0,0,1,1,0
0.240803634,1,1,0,1,1,0,1,0,1,1,1,1,1,1,1,1,0
-0.144986901,1,1,0,1,1,0,1,0,1,0,0,1,0,0,1,1,0
0.328917241,1,1,0,1,1,0,0,1,0,0,1,1,0,0,1,1,0
0.398949053,1,1,0,1,1,0,0,0,1,1,0,1,0,0,1,1,0
0.477431155,1,1,0,1,1,0,0,0,0,1,0,0,0,1,0,0,0
0.210765188,1,1,0,1,1,0,1,1,0,1,0,0,0,1,0,0,0
0.371598033,1,1,0,1,1,0,1,1,0,0,1,1,0,0,1,1,0
0.1936913,1,1,0,1,1,0,0,0,1,1,0,0,0,1,0,0,0
-0.565806281,1,1,0,1,1,0,0,0,1,0,0,1,0,0,1,0,0
0.482002155,1,1,0,1,1,0,1,0,0,1,0,0,0,1,0,0,0
0.543546777,1,1,0,1,1,0,0,0,0,0,1,1,0,0,1,1,0
-0.194007664,1,1,0,1,1,0,0,0,1,0,0,1,0,0,1,1,0
0.371805733,1,1,0,1,1,0,1,1,1,0,0,0,0,1,0,0,0
-0.010229331,1,1,0,1,1,0,1,1,1,1,0,0,0,1,0,0,0
-0.134681317,1,1,0,1,1,0,0,0,0,0,1,0,0,1,0,0,0
0.513182785,1,1,0,1,1,0,0,1,1,1,0,1,0,0,1,1,0
0.689100092,1,1,0,1,1,0,1,0,0,1,0,1,0,0,1,1,0
-0.157966035,1,1,0,1,1,0,1,1,1,1,1,0,0,0,1,0,0
0.35776689,1,1,0,1,1,0,1,0,0,0,1,1,0,0,1,1,0
-0.338438702,1,1,0,1,1,0,1,1,1,0,0,1,0,0,1,1,0
-0.375389474,1,1,0,1,1,0,0,1,1,0,0,1,0,0,1,1,0
-0.133681943,1,1,0,1,1,0,0,0,0,0,0,1,0,0,1,0,0
-0.365983625,1,1,0,1,1,0,0,1,0,0,0,1,0,0,1,0,0
-0.43322947,1,1,0,1,1,0,1,0,0,0,0,1,0,0,1,0,0
-0.593499944,1,1,0,1,1,0,1,1,0,0,0,1,0,0,1,0,0
-0.185263576,1,1,0,1,1,0,1,0,1,1,0,0,0,1,0,0,0
-0.299094045,0,0,0,1,0,1,1,0,0,1,1,1,0,1,1,0,0
-0.086220407,0,0,0,1,0,1,0,0,1,1,1,1,0,1,0,0,0
0.006633097,0,0,0,1,0,1,1,1,0,1,1,1,0,1,0,0,0
-0.126468278,0,0,0,1,0,1,1,1,1,0,1,1,1,0,0,0,1
0.361703469,0,0,0,1,0,1,1,1,0,1,1,1,0,1,1,0,0
-0.228150381,0,0,0,1,0,1,0,0,0,1,1,1,1,0,0,0,1
0.239172254,0,0,0,1,0,1,1,1,0,1,1,1,1,0,0,0,1
-0.415412726,0,0,0,1,0,1,1,0,0,1,0,0,1,1,1,1,0
-0.361866464,0,0,0,1,0,1,0,0,0,1,0,0,1,1,1,1,0
-0.329219546,0,0,0,1,0,1,1,1,0,1,0,0,1,1,1,1,0
-0.279995124,0,0,0,1,0,1,0,1,0,1,0,0,1,1,1,1,0
-0.248500683,0,0,0,1,0,1,0,1,1,1,0,0,1,1,1,1,0
-0.248500683,0,0,0,1,0,1,1,0,1,1,0,0,1,1,1,1,0
-0.213911994,0,0,0,1,0,1,0,0,1,1,0,0,1,1,1,1,0
-0.188433953,0,0,0,1,0,1,1,1,1,1,0,0,1,1,1,1,0
-0.042894325,0,0,0,1,0,1,1,0,0,1,1,1,1,0,0,0,1
-0.015043301,0,0,0,1,0,1,0,1,1,1,0,1,0,0,0,0,1
-0.255569512,0,0,0,1,0,1,1,0,1,1,0,1,0,0,0,0,1
-0.495071386,0,0,0,1,0,1,1,1,1,0,0,0,1,1,1,1,0
-0.070460196,0,0,0,1,0,1,0,1,0,1,1,1,1,0,0,0,1
0.361703469,0,0,0,1,0,1,0,0,1,1,1,1,0,1,1,0,0
-0.050848588,0,0,0,1,0,1,1,0,1,1,1,1,0,1,0,0,0
-0.086220407,0,0,0,1,0,1,0,1,1,0,1,1,1,0,0,0,1
-0.32312063,0,0,0,1,0,1,1,0,1,0,1,1,1,0,0,0,1
0.73002861,0,0,0,1,0,1,0,1,0,1,1,1,0,1,1,0,0
-0.900988939,0,0,0,0,0,1,1,1,1,0,1,0,0,0,1,0,0
-1.450796952,0,0,0,0,0,1,0,0,0,0,1,0,0,0,1,0,0
-0.487895699,0,0,0,0,0,1,0,0,0,0,0,0,1,1,0,1,0
-0.487895699,0,0,0,0,0,1,0,1,1,1,0,0,0,0,1,0,0
-0.56196292,0,0,0,0,0,1,1,1,1,1,1,1,0,1,0,1,0
-1.009952437,0,0,0,0,0,1,1,1,0,1,0,0,0,0,1,0,0
-1.004259614,0,0,0,0,0,1,1,1,0,1,0,1,0,0,1,0,0
-0.452743154,0,0,0,0,0,1,0,0,1,1,0,1,0,0,1,0,0
-1.098739714,0,0,0,0,0,1,0,0,1,1,0,0,0,0,1,0,0
-0.709766254,0,0,0,0,0,1,1,1,0,1,0,1,1,0,0,1,0
-0.91670379,0,0,0,0,0,1,1,0,1,1,0,0,0,0,1,0,0
-0.585233848,0,0,0,0,0,1,0,1,1,1,1,1,0,1,0,1,0
-0.641579845,0,0,0,0,0,1,0,0,0,1,1,0,0,0,1,0,0
-1.194477944,0,0,0,0,0,1,1,0,0,1,1,0,0,0,1,0,0
-1.372241236,0,0,0,0,0,1,0,1,0,0,1,0,0,0,1,0,0
-1.129835466,0,0,0,0,0,1,0,1,1,0,1,0,0,0,1,0,0
-1.129835466,0,0,0,0,0,1,0,1,0,1,1,0,0,0,1,0,0
-1.450796952,0,0,0,0,0,1,1,0,0,0,1,0,0,0,1,0,0
-1.194477944,0,0,0,0,0,1,1,0,1,0,1,0,0,0,1,0,0
-1.372241236,0,0,0,0,0,1,0,1,0,1,0,0,0,0,1,0,0
-1.009952437,0,0,0,0,0,1,1,1,1,1,0,0,0,0,1,0,0
-1.450796952,0,0,0,0,0,1,1,1,0,0,1,0,0,0,1,0,0
-0.801354207,0,0,0,0,0,1,0,0,1,0,1,0,0,0,1,0,0
-0.850091861,0,0,0,0,0,1,0,0,0,1,1,1,1,1,0,0,0
-0.801354207,0,0,0,0,0,1,1,1,0,1,1,0,0,0,1,0,0
-1.009952437,0,0,0,0,0,1,0,0,1,1,1,0,0,0,1,0,0
-0.060025121,1,0,0,0,0,0,1,1,0,1,0,1,1,1,0,1,0
-0.238690179,1,0,0,0,0,0,1,1,0,0,1,1,0,1,1,1,0
-0.062333753,1,0,0,0,0,0,1,0,0,0,1,0,0,0,0,0,1
0.108653278,1,0,0,0,0,0,1,0,1,1,0,0,0,1,0,0,1
-0.932632835,1,0,0,0,0,0,1,1,1,0,1,0,0,1,0,1,0
-0.124488076,1,0,0,0,0,0,0,0,0,1,0,1,1,1,0,1,0
-0.193741508,1,0,0,0,0,0,1,1,1,1,0,0,0,0,0,0,1
-0.248500683,1,0,0,0,0,0,1,0,1,0,0,1,1,1,0,1,0
0.154859132,1,0,0,0,0,0,0,1,0,0,1,0,0,0,0,0,1
-0.07162703,1,0,0,0,0,0,1,0,1,1,0,1,1,1,0,1,0
-0.110987041,1,0,0,0,0,0,0,0,1,0,1,1,0,1,1,1,0
-0.71417151,1,0,0,0,0,0,1,0,0,1,0,1,0,1,0,1,0
-0.692318691,1,0,0,0,0,0,1,1,1,0,0,1,0,1,0,1,0
-0.830346494,1,0,0,0,0,0,0,1,1,0,0,1,0,1,0,1,0
-0.548619669,1,0,0,0,0,0,1,0,1,1,0,0,0,0,0,0,1
-0.407115429,1,0,0,0,0,0,0,0,0,0,1,0,0,0,0,0,1
-0.32008518,1,0,0,0,0,0,0,1,1,1,0,0,0,0,0,0,1
-0.932632835,1,0,0,0,0,0,0,0,0,1,0,1,0,1,0,1,0
-0.188433953,1,0,0,0,0,0,1,1,1,0,0,1,1,1,0,1,0
-0.365032011,1,0,0,0,0,0,0,1,1,0,1,1,0,1,1,1,0
-0.452743154,1,0,0,0,0,0,1,0,1,0,1,1,0,1,1,1,0
0.260131492,1,0,0,0,0,0,1,1,1,1,0,1,1,1,0,1,0
-0.835251015,1,0,0,0,0,0,0,0,1,1,0,1,1,1,0,1,0
1.087435021,1,0,0,0,0,0,1,0,1,1,1,1,0,0,1,1,0
-0.112206336,1,0,0,0,0,0,0,1,0,1,0,1,1,1,0,1,0
0.017277325,1,0,0,0,0,0,1,0,0,1,0,1,1,1,0,1,0
0.170252591,1,0,0,0,0,0,0,1,1,1,0,1,1,1,0,1,0
-0.302065572,1,0,0,0,0,0,0,1,0,0,1,1,0,1,1,1,0
-0.248500683,1,0,0,0,0,0,0,1,1,0,0,1,1,1,0,1,0
-0.129446486,1,0,0,0,0,0,1,0,0,0,1,1,0,1,1,1,0
-0.155918211,0,1,1,1,0,0,1,1,0,1,1,0,0,0,0,0,0
-0.621522281,0,1,1,1,0,0,1,1,1,0,1,1,1,0,1,0,0
-0.581319942,0,1,1,1,0,0,1,1,1,0,0,1,0,0,0,0,0
-2.03656334,0,1,1,1,0,0,0,0,1,0,1,0,0,0,0,0,1
-0.70537846,0,1,1,1,0,0,1,1,1,0,0,0,1,0,0,0,0
-1.530849934,0,1,1,1,0,0,0,1,0,1,1,0,0,0,0,0,0
-1.104896128,0,1,1,1,0,0,0,0,1,1,1,0,0,0,0,0,0
-1.026616318,0,1,1,1,0,0,1,0,0,0,0,1,0,0,0,0,0
-1.068414963,0,1,1,1,0,0,1,0,1,1,1,0,0,0,0,0,0
-1.038829246,0,1,1,1,0,0,1,1,1,1,1,0,0,0,0,0,0
-0.898390278,0,1,1,1,0,0,0,1,1,1,1,0,0,0,0,0,0
-0.852085222,0,1,1,1,0,0,0,0,0,0,0,1,0,0,0,0,0
-0.852085222,0,1,1,1,0,0,1,1,1,0,1,0,0,0,0,0,1
0.171138996,0,0,0,0,1,0,0,1,0,1,1,0,1,0,0,1,0
-0.005223989,0,0,0,0,1,0,0,0,0,1,1,0,1,0,0,1,0
0.005561654,0,0,0,0,1,0,0,0,1,1,1,0,1,0,0,1,0
0.471374056,0,0,0,0,1,0,0,1,1,0,0,0,0,0,0,1,0
-0.565806281,0,0,0,0,1,0,1,0,1,1,1,1,1,1,1,0,0
0.221845113,0,0,0,0,1,0,1,1,1,0,0,1,1,0,0,1,0
0.221845113,0,0,0,0,1,0,0,0,0,1,0,1,1,0,0,1,0
0.58713755,0,0,0,0,1,0,1,1,1,0,0,0,0,0,0,1,0
-0.222100682,0,0,0,0,1,0,1,0,0,0,0,0,0,0,0,1,0
-0.075136471,0,0,0,0,1,0,1,1,0,0,0,1,1,0,0,1,0
-0.43052017,0,0,0,0,1,0,1,1,1,1,1,0,1,0,0,1,0
0.178021156,0,0,0,0,1,0,1,0,0,1,1,0,1,0,0,1,0
0.003199946,0,0,0,0,1,0,1,1,1,0,1,0,1,0,0,1,0
-0.184472631,0,0,0,0,1,0,1,1,0,0,0,0,0,0,0,1,0
-0.31554938,0,0,0,0,1,0,0,0,0,0,0,0,0,0,0,1,0
-0.496873055,0,0,0,0,1,0,0,1,1,1,1,1,1,1,1,0,0
0.336047587,0,0,0,0,1,0,0,1,0,1,0,1,1,0,0,1,0
0.08722726,0,0,0,0,1,0,1,0,1,1,1,0,1,0,0,1,0
0.370766681,0,0,0,0,1,0,0,1,1,1,1,0,1,0,0,1,0
0.032592598,0,0,0,0,1,0,1,1,0,1,1,0,1,0,0,1,0
0.405340785,0,0,0,0,1,0,1,0,0,1,0,0,0,0,0,1,0
-0.487895699,0,0,0,0,1,0,1,0,0,0,0,1,1,0,0,1,0
-0.081015535,0,0,0,0,1,0,1,0,1,0,0,1,1,0,0,1,0
0.302767944,0,0,0,0,1,0,1,0,1,0,0,0,0,0,0,1,0
-0.43052017,0,0,0,0,1,0,0,0,0,0,0,1,1,0,0,1,0
0.359175071,0,0,0,0,1,0,1,0,0,0,0,0,0,1,1,0,0
-0.402498346,0,0,0,0,1,0,0,1,0,0,0,1,1,0,0,1,0
-0.075136471,0,0,0,0,1,0,0,0,1,0,0,1,1,0,0,1,0
0.078585406,0,0,0,0,1,0,0,1,1,0,0,1,1,0,0,1,0
0.328771056,0,0,0,0,1,0,1,0,0,1,0,1,1,0,0,1,0
0.357484951,0,0,0,0,1,0,0,0,0,1,0,0,0,0,0,1,0
-0.222100682,0,0,0,0,1,0,0,1,0,0,0,0,0,0,0,1,0
0.471374056,0,0,0,0,1,0,0,0,1,0,0,0,0,0,0,1,0
0.118133659,0,0,0,0,1,0,0,1,0,0,0,0,0,1,1,0,0
-0.372989805,0,0,0,0,1,0,1,1,1,1,1,1,1,1,1,0,0
-0.696654795,0,0,0,1,0,0,0,1,1,1,1,1,1,0,1,0,0
-1.221980677,0,0,0,1,0,0,1,0,1,1,1,1,1,0,1,0,0
-0.516899152,0,0,0,1,0,0,0,0,0,0,0,0,0,1,1,0,0
-1.24871106,0,0,0,1,0,0,1,1,0,0,1,0,0,1,1,0,0
-1.327277047,0,0,0,1,0,0,1,0,1,1,1,0,0,1,1,0,0
-0.97619612,0,0,0,1,0,0,1,1,1,1,1,1,1,0,1,0,0
-1.443532299,0,0,0,1,0,0,1,1,1,0,0,0,1,1,0,1,0
-1.582514747,0,0,0,1,0,0,0,0,1,1,1,0,0,1,1,0,0
-1.26264094,0,0,0,1,0,0,1,1,1,1,0,0,0,1,1,0,0
-0.91144195,0,0,0,1,0,0,1,0,1,0,1,0,0,1,1,0,0
-0.376190636,0,0,0,1,0,0,0,0,1,0,0,0,0,1,1,0,0
-1.26264094,0,0,0,1,0,0,0,0,1,1,0,0,0,1,1,0,0
-0.734214476,0,0,0,1,0,0,1,1,0,1,1,0,0,1,1,0,0
-0.970662059,0,0,0,1,0,0,0,1,1,1,0,0,0,1,1,0,0
-1.136150088,0,0,0,1,0,0,0,1,0,0,1,0,0,1,1,0,0
-0.036805448,0,0,0,1,0,0,1,0,1,0,0,0,0,1,1,0,0
-1.168216048,0,0,0,1,0,0,1,0,0,0,1,0,0,1,1,0,0
-0.97619612,0,0,0,1,0,0,1,0,1,1,0,0,0,1,1,0,0
-0.168790694,0,0,0,1,0,0,1,1,0,1,0,0,0,1,1,0,0
-0.641579845,0,0,0,1,0,0,0,0,0,1,1,0,0,1,1,0,0
-0.369799123,0,0,0,1,0,0,0,0,0,1,0,0,0,1,1,0,0
-0.825462931,0,0,0,1,0,0,0,1,0,1,1,0,0,1,1,0,0
-0.040634415,0,0,0,1,0,0,0,1,1,0,0,0,0,1,1,0,0
-1.228099211,0,0,0,1,0,0,0,0,0,0,1,0,0,1,1,0,0
-0.637456215,0,0,0,1,0,0,1,0,0,1,1,0,0,1,1,0,0
-0.348991282,0,0,0,1,0,0,0,1,1,0,1,0,0,1,1,0,0
-1.199797211,0,0,0,1,0,0,0,0,1,0,1,0,0,1,1,0,0
-0.345875979,0,0,0,1,0,0,1,1,1,0,1,0,0,1,1,0,0
-0.376190636,0,0,0,1,0,0,1,1,1,0,0,0,0,1,1,0,0
-0.167883884,0,0,0,1,0,0,0,1,0,1,0,0,0,1,1,0,0
-0.022755379,0,0,0,1,0,0,1,0,0,1,0,0,0,1,1,0,0
0.472589379,1,0,1,0,0,1,1,1,0,1,1,1,1,1,0,1,0
0.585055721,1,0,1,0,0,1,1,0,0,0,0,0,0,0,1,1,0
-0.300875885,1,0,1,0,0,1,1,1,0,0,1,1,1,1,0,1,0
-0.015482215,1,0,1,0,0,1,0,0,1,0,1,1,1,1,0,1,0
0.018334784,1,0,1,0,0,1,1,1,1,0,0,0,0,0,1,1,0
-0.546727129,1,0,1,0,0,1,0,0,0,1,0,0,1,0,1,0,0
0.547509488,1,0,1,0,0,1,1,0,0,1,1,1,1,1,0,1,0
-0.402498346,1,0,1,0,0,1,0,0,0,0,1,1,1,1,0,1,0
1.194286477,1,0,1,0,0,1,0,0,1,0,1,0,1,1,1,1,0
-0.546727129,1,0,1,0,0,1,0,1,0,1,0,0,1,0,1,0,0
-0.003272958,1,0,1,0,0,1,0,1,0,0,1,1,1,1,0,1,0
0.600422298,1,0,1,0,0,1,0,0,1,0,0,0,0,0,1,1,0
0.039017104,1,0,1,0,0,1,0,1,1,0,1,1,1,1,0,1,0
0.6684715,1,0,1,0,0,1,0,0,0,0,0,0,0,0,1,1,0
0.20584964,1,0,1,0,0,1,1,1,0,1,0,0,1,0,1,0,0
-0.22484583,1,0,1,0,0,1,1,0,0,1,0,0,1,0,1,0,0
-0.402498346,1,0,1,0,0,1,0,0,0,1,0,0,0,0,1,1,0
0.6957228,1,0,1,0,0,1,0,1,1,1,1,1,1,1,0,1,0
0.738863708,1,0,1,0,0,1,1,0,1,1,1,1,1,1,0,1,0
0.569140955,1,0,1,0,0,1,0,1,0,1,1,1,1,1,0,1,0
-0.1185726,1,0,1,0,0,1,1,0,1,0,1,1,1,1,0,1,0
0.018334784,1,0,1,0,0,1,1,0,1,0,0,0,0,0,1,1,0
-0.370117736,1,0,1,0,0,1,1,1,1,0,1,1,1,1,0,1,0
0.03715673,1,0,1,0,0,1,0,0,0,1,1,1,1,1,0,1,0
-0.143471668,1,0,1,0,0,1,0,1,1,0,0,0,0,0,1,1,0
0.677675113,1,0,1,0,0,1,0,1,0,0,0,0,0,0,1,1,0
0.649690953,1,0,1,0,0,1,0,0,1,1,1,1,1,1,0,1,0
0.649690953,1,0,1,0,0,1,1,0,1,0,0,0,1,1,1,1,0
0.78723038,1,0,1,0,0,1,0,0,0,0,1,1,1,0,0,0,1
-0.169049943,1,0,1,0,0,1,1,0,0,0,1,1,1,1,0,1,0
0.779409555,1,0,1,0,0,1,1,1,0,0,0,0,0,0,1,1,0
0.677675113,1,0,1,0,0,1,1,1,1,1,1,1,1,1,0,1,0
